country,year,iso_code,population,gdp,cement_co2_per_capita,co2,co2_growth_abs,co2_growth_prct,co2_including_luc,co2_including_luc_growth_abs,co2_including_luc_growth_prct,co2_including_luc_per_capita,co2_including_luc_per_gdp,co2_including_luc_per_unit_energy,co2_per_capita,co2_per_gdp,co2_per_unit_energy,coal_co2,coal_co2_per_capita,consumption_co2,consumption_co2_per_capita,consumption_co2_per_gdp,cumulative_cement_co2,cumulative_co2,cumulative_co2_including_luc,cumulative_coal_co2,cumulative_flaring_co2,cumulative_gas_co2,cumulative_luc_co2,cumulative_oil_co2,cumulative_other_co2,energy_per_capita,energy_per_gdp,flaring_co2,flaring_co2_per_capita,gas_co2,gas_co2_per_capita,ghg_excluding_lucf_per_capita,ghg_per_capita,land_use_change_co2,land_use_change_co2_per_capita,methane,methane_per_capita,nitrous_oxide,nitrous_oxide_per_capita,oil_co2,oil_co2_per_capita,other_co2_per_capita,other_industry_co2,primary_energy_consumption,share_global_cement_co2,share_global_co2,share_global_co2_including_luc,share_global_coal_co2,share_global_cumulative_cement_co2,share_global_cumulative_co2,share_global_cumulative_co2_including_luc,share_global_cumulative_coal_co2,share_global_cumulative_flaring_co2,share_global_cumulative_gas_co2,share_global_cumulative_luc_co2,share_global_cumulative_oil_co2,share_global_cumulative_other_co2,share_global_flaring_co2,share_global_gas_co2,share_global_luc_co2,share_global_oil_co2,share_global_other_co2,share_of_temperature_change_from_ghg,temperature_change_from_ch4,temperature_change_from_co2,temperature_change_from_ghg,temperature_change_from_n2o,total_ghg,total_ghg_excluding_lucf,cluster
Brazil,1990,BRA,150706448.0,1185475198976.0,0.073,218.658,6.587,3.106,1742.684,136.206,8.479,11.563,1.47,1.113,1.451,0.184,0.14,37.095,0.246,245.447,1.629,0.207,247.094,4652.159,70313.602,810.97,51.672,62.587,69819.438,3476.148,3.688,10391.007,1.321,7.554,0.05,7.484,0.05,3.931,10.903,1524.026,10.113,291.05,1.931,111.7,0.741,151.775,1.007,0.024,3.688,1565.992,2.241,0.961,6.242,0.426,2.018,0.576,4.887,0.185,0.632,0.079,10.986,1.292,0.199,2.919,0.195,29.496,1.642,1.654,4.327,0.013,0.028,0.042,0.001,1643.11,592.5,1
Brazil,1991,BRA,153336448.0,1213090103296.0,0.077,229.394,10.736,4.91,1831.239,88.555,5.082,11.943,1.51,1.133,1.496,0.189,0.142,42.466,0.277,251.937,1.643,0.208,258.87,4881.553,72144.836,853.436,59.033,69.923,71421.281,3632.848,7.443,10542.793,1.333,7.361,0.048,7.336,0.048,4.002,10.853,1601.845,10.447,300.15,1.957,115.63,0.754,156.7,1.022,0.024,3.755,1616.594,2.321,0.988,6.499,0.493,2.03,0.587,4.918,0.191,0.699,0.084,11.151,1.303,0.36,2.686,0.188,32.383,1.614,1.742,4.362,0.013,0.028,0.043,0.001,1664.23,613.62,1
Brazil,1992,BRA,155900784.0,1221828542464.0,0.063,233.601,4.207,1.834,1925.131,93.892,5.127,12.348,1.576,1.174,1.498,0.191,0.142,41.203,0.264,253.867,1.628,0.208,268.64,5115.154,74069.969,894.639,66.478,77.906,73112.812,3796.1,11.391,10515.058,1.342,7.445,0.048,7.983,0.051,4.0,10.739,1691.531,10.85,305.53,1.96,117.29,0.752,163.252,1.047,0.025,3.948,1639.306,1.848,1.035,6.927,0.49,2.023,0.599,4.955,0.197,0.765,0.09,11.323,1.318,0.499,3.077,0.202,32.386,1.772,1.826,4.401,0.014,0.029,0.044,0.001,1674.22,623.61,1
Brazil,1993,BRA,158440864.0,1298220843008.0,0.064,244.306,10.705,4.583,1801.391,-123.74,-6.428,11.369,1.388,1.05,1.542,0.188,0.142,42.343,0.267,262.488,1.657,0.202,278.804,5359.46,75871.359,936.982,74.054,86.636,74669.898,3967.352,15.632,10825.511,1.321,7.576,0.048,8.73,0.055,4.008,10.639,1557.085,9.828,306.67,1.936,120.07,0.758,171.252,1.081,0.027,4.241,1715.203,1.844,1.072,6.45,0.497,2.015,0.611,4.983,0.202,0.83,0.095,11.473,1.335,0.626,3.236,0.215,30.358,1.858,1.962,4.442,0.014,0.03,0.045,0.002,1685.63,635.0,1
Brazil,1994,BRA,160980480.0,1391783968768.0,0.063,254.002,9.696,3.969,2193.873,392.482,21.788,13.628,1.576,1.22,1.578,0.183,0.141,43.667,0.271,275.863,1.714,0.198,288.89,5613.462,78065.227,980.648,82.058,95.621,76609.773,4146.515,19.73,11174.377,1.292,8.004,0.05,8.985,0.056,4.049,10.576,1939.871,12.05,313.05,1.945,123.53,0.767,179.162,1.113,0.025,4.098,1798.857,1.714,1.103,7.615,0.51,2.003,0.624,5.031,0.208,0.888,0.1,11.667,1.353,0.727,2.542,0.219,33.583,1.936,1.894,4.489,0.015,0.03,0.047,0.002,1702.5,651.87,1
Brazil,1995,BRA,163515328.0,1468835168256.0,0.071,268.678,14.676,5.778,2172.453,-21.421,-0.976,13.286,1.479,1.136,1.643,0.183,0.14,45.582,0.279,298.736,1.827,0.203,300.418,5882.14,80237.68,1026.231,89.572,105.224,78513.547,4336.861,23.834,11697.941,1.302,7.514,0.046,9.603,0.059,4.15,10.576,1903.775,11.643,319.19,1.952,125.48,0.767,190.347,1.164,0.025,4.104,1912.793,1.853,1.142,7.449,0.518,1.997,0.637,5.076,0.214,0.936,0.106,11.856,1.374,0.811,2.302,0.228,33.758,2.038,1.836,4.535,0.015,0.031,0.048,0.002,1729.29,678.65,1
Brazil,1996,BRA,166037120.0,1520364945408.0,0.084,289.311,20.633,7.679,2042.495,-129.958,-5.982,12.301,1.343,1.008,1.742,0.19,0.143,46.468,0.28,321.985,1.939,0.212,314.302,6171.451,82280.18,1072.699,97.393,115.832,80266.734,4543.143,28.082,12198.168,1.332,7.821,0.047,10.608,0.064,4.108,10.436,1753.184,10.559,311.52,1.876,116.09,0.699,206.281,1.242,0.026,4.248,2025.349,2.186,1.193,6.753,0.515,2.005,0.651,5.108,0.219,0.982,0.112,12.012,1.396,0.889,2.231,0.241,29.233,2.144,1.913,4.571,0.015,0.032,0.049,0.002,1732.8,682.1,1
Brazil,1997,BRA,168546704.0,1591956078592.0,0.091,306.949,17.638,6.097,2206.547,164.052,8.032,13.092,1.386,1.025,1.821,0.193,0.143,47.044,0.279,342.538,2.032,0.215,329.569,6478.4,84486.727,1119.743,105.997,127.695,82166.328,4762.975,32.42,12775.408,1.353,8.604,0.051,11.863,0.07,4.219,10.469,1899.598,11.27,320.61,1.902,120.11,0.713,219.833,1.304,0.026,4.338,2153.253,2.31,1.258,6.922,0.524,2.017,0.667,5.143,0.225,1.032,0.118,12.16,1.421,0.958,2.438,0.269,25.392,2.251,1.939,4.609,0.016,0.033,0.05,0.002,1764.52,711.14,1
Brazil,1998,BRA,171039808.0,1617675812864.0,0.095,317.359,10.41,3.391,2463.363,256.815,11.639,14.402,1.523,1.105,1.855,0.196,0.142,45.591,0.267,349.415,2.043,0.216,345.744,6795.759,86950.094,1165.334,115.46,140.106,84312.336,4992.553,36.561,13032.864,1.378,9.463,0.055,12.411,0.073,4.3,10.525,2146.004,12.547,337.42,1.973,130.37,0.762,229.578,1.342,0.024,4.141,2229.139,2.457,1.304,8.078,0.522,2.034,0.682,5.196,0.23,1.089,0.124,12.364,1.447,1.014,2.811,0.277,34.809,2.32,1.877,4.655,0.016,0.034,0.052,0.002,1800.27,735.53,1
Brazil,1999,BRA,173486272.0,1645888012288.0,0.095,327.256,9.897,3.119,2490.505,27.142,1.102,14.356,1.513,1.105,1.886,0.199,0.145,46.805,0.27,333.109,1.92,0.202,362.183,7123.015,89440.602,1212.139,125.583,154.175,86475.578,5228.022,40.913,12995.942,1.37,10.123,0.058,14.069,0.081,4.34,10.442,2163.249,12.469,338.43,1.951,129.16,0.744,235.468,1.357,0.025,4.352,2254.618,2.381,1.318,8.076,0.528,2.047,0.698,5.248,0.235,1.148,0.131,12.571,1.472,1.07,3.066,0.306,36.03,2.323,1.985,4.702,0.016,0.035,0.053,0.002,1811.5,752.89,1
Brazil,2000,BRA,175873712.0,1739727962112.0,0.091,340.183,12.927,3.95,2299.381,-191.124,-7.674,13.074,1.322,0.976,1.934,0.196,0.144,50.46,0.287,350.273,1.992,0.201,378.23,7463.198,91739.977,1262.599,136.32,172.618,88434.781,5467.51,45.921,13400.32,1.355,10.737,0.061,18.442,0.105,4.391,10.314,1959.198,11.14,333.94,1.899,124.64,0.709,239.488,1.362,0.028,5.008,2356.764,2.224,1.334,7.447,0.548,2.054,0.713,5.287,0.24,1.208,0.141,12.756,1.496,1.137,3.092,0.39,36.446,2.33,2.315,4.741,0.017,0.036,0.054,0.002,1813.94,772.34,1
Brazil,2001,BRA,178211888.0,1785513115648.0,0.085,346.166,5.983,1.759,2227.689,-71.693,-3.118,12.5,1.248,0.969,1.942,0.194,0.151,49.427,0.277,343.085,1.925,0.192,393.457,7809.364,93967.664,1312.026,148.041,195.803,90316.297,5709.305,50.732,12893.828,1.287,11.721,0.066,23.186,0.13,4.473,10.684,1881.523,10.558,347.57,1.95,132.72,0.745,241.795,1.357,0.027,4.811,2297.833,2.02,1.348,7.254,0.534,2.053,0.728,5.322,0.245,1.274,0.154,12.934,1.519,1.193,3.49,0.487,37.36,2.335,2.255,4.779,0.017,0.037,0.056,0.002,1904.0,797.2,1
Brazil,2002,BRA,180476688.0,1861742362624.0,0.08,347.765,1.599,0.462,2328.348,100.659,4.519,12.901,1.251,0.991,1.927,0.187,0.148,48.689,0.27,331.608,1.837,0.178,407.847,8157.129,96296.016,1360.715,159.259,225.096,92296.891,5948.524,55.688,13021.791,1.262,11.218,0.062,29.293,0.162,4.578,10.758,1980.583,10.974,371.36,2.058,147.54,0.818,239.219,1.325,0.027,4.956,2350.13,1.84,1.325,7.36,0.503,2.045,0.743,5.358,0.25,1.333,0.171,13.116,1.541,1.246,3.455,0.597,36.778,2.314,2.291,4.821,0.017,0.038,0.057,0.002,1941.57,826.21,1
Brazil,2003,BRA,182629280.0,1904932683776.0,0.072,344.645,-3.12,-0.897,3318.011,989.663,42.505,18.168,1.742,1.386,1.887,0.181,0.144,51.933,0.284,324.032,1.774,0.17,420.943,8501.773,99614.023,1412.648,170.458,256.015,95270.25,6180.958,60.752,13111.923,1.257,11.199,0.061,30.919,0.169,4.608,10.707,2973.366,16.281,387.02,2.119,152.26,0.834,232.434,1.273,0.028,5.064,2394.621,1.523,1.247,9.91,0.494,2.023,0.755,5.441,0.255,1.387,0.187,13.427,1.558,1.295,3.25,0.608,50.97,2.189,2.291,4.877,0.018,0.039,0.059,0.002,1955.42,841.52,1
Brazil,2004,BRA,184722048.0,2038447996928.0,0.072,361.434,16.789,4.871,2613.293,-704.717,-21.239,14.147,1.282,1.041,1.957,0.177,0.144,53.833,0.291,336.389,1.821,0.165,434.216,8863.208,102227.32,1466.48,181.298,294.23,97522.109,6420.726,66.257,13593.7,1.232,10.84,0.059,38.215,0.207,4.8,10.84,2251.86,12.191,404.45,2.19,163.67,0.886,239.768,1.298,0.03,5.505,2511.056,1.477,1.263,7.683,0.495,2.001,0.768,5.482,0.259,1.435,0.207,13.641,1.575,1.346,3.164,0.726,41.749,2.178,2.377,4.923,0.018,0.04,0.06,0.002,2002.36,886.64,1
Brazil,2005,BRA,186797344.0,2129214439424.0,0.077,364.371,2.937,0.813,2323.059,-290.235,-11.106,12.436,1.091,0.902,1.951,0.171,0.141,50.948,0.273,350.011,1.874,0.164,448.565,9227.579,104550.375,1517.429,195.175,333.85,99480.797,6660.947,71.613,13792.465,1.21,13.877,0.074,39.619,0.212,4.804,10.797,1958.688,10.486,414.53,2.219,164.57,0.881,240.221,1.286,0.029,5.356,2576.396,1.489,1.231,6.737,0.441,1.979,0.779,5.504,0.263,1.504,0.227,13.82,1.59,1.387,3.988,0.737,40.039,2.162,2.211,4.961,0.019,0.041,0.062,0.002,2016.91,897.37,1
Brazil,2006,BRA,188820688.0,2240805339136.0,0.082,368.871,4.5,1.235,2037.965,-285.094,-12.272,10.793,0.909,0.77,1.954,0.165,0.139,50.838,0.269,359.234,1.903,0.16,464.005,9596.45,106588.344,1568.267,208.057,375.902,101149.891,6903.196,77.023,14020.683,1.181,12.882,0.068,42.053,0.223,4.752,10.629,1669.094,8.84,407.21,2.157,157.26,0.833,242.249,1.283,0.029,5.41,2647.395,1.469,1.205,5.686,0.417,1.956,0.79,5.508,0.266,1.561,0.246,13.951,1.605,1.422,3.707,0.759,31.885,2.161,2.139,4.987,0.019,0.042,0.063,0.002,2006.99,897.37,1
Brazil,2007,BRA,190779456.0,2405626806272.0,0.09,390.573,21.702,5.883,1900.441,-137.524,-6.748,9.961,0.79,0.674,2.047,0.162,0.139,54.989,0.288,392.966,2.06,0.163,481.205,9987.022,108488.789,1623.256,221.526,419.148,102659.758,7159.199,82.689,14770.351,1.171,13.469,0.071,43.246,0.227,4.831,10.717,1509.868,7.914,414.45,2.172,169.83,0.89,256.003,1.342,0.03,5.666,2817.879,1.523,1.24,5.271,0.43,1.936,0.801,5.504,0.27,1.62,0.264,14.071,1.622,1.457,3.923,0.755,33.14,2.276,2.182,5.008,0.019,0.043,0.064,0.002,2044.52,921.6,1
Brazil,2008,BRA,192672320.0,2559842713600.0,0.098,412.638,22.065,5.649,1728.722,-171.719,-9.036,8.972,0.675,0.588,2.142,0.161,0.14,55.315,0.287,443.203,2.3,0.173,500.089,10399.661,110217.5,1678.571,235.733,470.451,103975.844,7426.438,88.379,15255.087,1.148,14.207,0.074,51.303,0.266,4.864,10.615,1316.084,6.831,407.24,2.114,155.85,0.809,267.239,1.387,0.03,5.69,2939.233,1.652,1.288,4.7,0.419,1.924,0.814,5.489,0.273,1.683,0.286,14.159,1.641,1.489,4.244,0.87,27.761,2.385,2.189,5.025,0.02,0.043,0.066,0.002,2045.15,937.15,1
Brazil,2009,BRA,194517552.0,2589568270336.0,0.098,389.775,-22.863,-5.541,1546.42,-182.302,-10.545,7.95,0.597,0.53,2.004,0.151,0.134,43.586,0.224,413.825,2.127,0.16,519.12,10789.437,111763.922,1722.157,254.167,511.409,105132.492,7689.143,93.439,15004.24,1.127,18.434,0.095,40.959,0.211,4.697,10.373,1156.645,5.946,409.16,2.103,150.05,0.771,262.705,1.351,0.026,5.06,2918.588,1.619,1.238,4.21,0.334,1.911,0.824,5.466,0.274,1.773,0.3,14.215,1.659,1.512,5.579,0.713,22.09,2.397,2.073,5.037,0.02,0.044,0.067,0.002,2017.82,913.69,1
Brazil,2010,BRA,196353504.0,2820492492800.0,0.108,440.269,50.494,12.955,1445.519,-100.901,-6.525,7.362,0.513,0.454,2.242,0.156,0.138,56.688,0.289,484.823,2.469,0.172,540.408,11229.705,113209.445,1778.846,269.381,566.458,106137.742,7975.223,99.389,16220.931,1.129,15.214,0.077,55.049,0.28,5.092,10.812,1005.25,5.12,438.27,2.232,177.4,0.903,286.08,1.457,0.03,5.95,3185.037,1.696,1.322,3.756,0.407,1.901,0.836,5.434,0.277,1.835,0.321,14.251,1.68,1.546,4.456,0.889,19.416,2.525,2.417,5.046,0.02,0.045,0.068,0.003,2122.88,999.92,1
Brazil,2011,BRA,198185296.0,2968454955008.0,0.115,462.58,22.311,5.068,1429.526,-15.993,-1.106,7.213,0.482,0.434,2.334,0.156,0.14,62.292,0.314,519.211,2.62,0.175,563.253,11692.285,114638.969,1841.138,283.501,619.559,107104.68,8279.108,105.726,16629.84,1.11,14.12,0.071,53.101,0.268,5.144,6.49,966.946,4.879,429.81,2.169,168.0,0.848,303.885,1.533,0.032,6.337,3295.79,1.693,1.343,3.605,0.423,1.892,0.849,5.4,0.28,1.885,0.339,14.281,1.703,1.577,3.928,0.833,18.531,2.678,2.304,5.047,0.021,0.046,0.069,0.003,1286.3,1019.42,1
Brazil,2012,BRA,199977712.0,3025484382208.0,0.125,498.309,35.729,7.724,1586.254,156.728,10.964,7.932,0.524,0.468,2.492,0.165,0.147,61.016,0.305,553.398,2.767,0.183,588.251,12190.594,116225.219,1902.154,298.262,682.955,108192.625,8606.843,112.129,16963.494,1.121,14.761,0.074,63.397,0.317,5.294,6.653,1087.945,5.44,434.35,2.172,171.55,0.858,327.734,1.639,0.032,6.403,3392.321,1.806,1.426,3.938,0.41,1.888,0.863,5.373,0.283,1.935,0.361,14.324,1.729,1.607,3.912,0.975,20.354,2.85,2.314,5.047,0.021,0.047,0.07,0.003,1330.37,1058.6,1
Brazil,2013,BRA,201721776.0,3116394610688.0,0.132,532.418,34.109,6.845,1744.127,157.873,9.953,8.646,0.56,0.502,2.639,0.171,0.153,65.604,0.325,591.119,2.93,0.19,614.903,12723.012,117969.352,1967.758,314.896,757.659,109404.344,8949.181,118.615,17221.439,1.115,16.634,0.082,74.704,0.37,5.399,6.713,1211.709,6.007,428.42,2.124,168.6,0.836,342.338,1.697,0.032,6.486,3473.939,1.847,1.511,4.35,0.438,1.886,0.879,5.354,0.286,1.993,0.387,14.392,1.757,1.631,4.315,1.143,24.939,2.955,2.202,5.048,0.022,0.047,0.072,0.003,1354.14,1089.19,1
Brazil,2014,BRA,203459648.0,3132099919872.0,0.132,557.901,25.483,4.786,1811.109,66.982,3.84,8.902,0.578,0.508,2.742,0.178,0.157,69.034,0.339,612.322,3.01,0.195,641.811,13280.913,119780.461,2036.792,332.538,838.945,110657.547,9305.934,124.893,17519.043,1.138,17.642,0.087,81.286,0.4,5.542,6.861,1253.208,6.159,436.81,2.147,177.2,0.871,356.753,1.753,0.031,6.278,3564.418,1.794,1.573,4.452,0.46,1.882,0.895,5.338,0.29,2.054,0.414,14.458,1.787,1.648,4.558,1.223,24.034,3.07,2.056,5.048,0.022,0.048,0.073,0.003,1395.95,1127.55,1
Brazil,2015,BRA,205188208.0,3021043138560.0,0.122,529.353,-28.548,-5.117,1855.354,44.246,2.443,9.042,0.614,0.528,2.58,0.175,0.151,69.452,0.338,548.136,2.671,0.181,666.893,13810.266,121635.812,2106.244,350.142,919.409,111983.547,9636.293,131.285,17140.15,1.164,17.604,0.086,80.465,0.392,5.388,6.725,1326.001,6.462,446.49,2.176,177.68,0.866,330.359,1.61,0.031,6.392,3516.957,1.736,1.493,4.515,0.474,1.876,0.909,5.323,0.294,2.113,0.439,14.524,1.809,1.666,4.581,1.186,23.551,2.78,2.105,5.049,0.022,0.049,0.074,0.003,1379.88,1105.48,1
Brazil,2016,BRA,206859584.0,2922076176384.0,0.108,492.748,-36.605,-6.915,1745.648,-109.706,-5.913,8.439,0.597,0.509,2.382,0.169,0.144,63.831,0.309,487.871,2.358,0.167,689.308,14303.014,123381.461,2170.075,367.647,989.075,113236.445,9949.232,137.677,16591.764,1.175,17.505,0.085,69.666,0.337,5.171,7.079,1252.9,6.057,447.89,2.165,176.2,0.852,312.939,1.513,0.031,6.392,3432.165,1.512,1.39,4.358,0.446,1.862,0.92,5.306,0.297,2.17,0.457,14.599,1.826,1.682,4.677,1.0,27.243,2.606,2.127,5.05,0.023,0.05,0.075,0.003,1464.26,1069.58,1
Brazil,2017,BRA,208504960.0,2960731668480.0,0.097,497.121,4.373,0.888,1586.351,-159.297,-9.125,7.608,0.536,0.458,2.384,0.168,0.144,66.689,0.32,498.514,2.391,0.168,709.525,14800.135,124967.812,2236.765,385.152,1059.26,114325.672,10265.364,144.069,16608.686,1.17,17.505,0.084,70.186,0.337,5.208,7.127,1089.23,5.224,448.99,2.153,187.82,0.901,316.132,1.516,0.031,6.392,3462.993,1.344,1.38,3.908,0.46,1.841,0.931,5.282,0.3,2.222,0.474,14.654,1.843,1.698,4.518,0.986,23.861,2.587,2.111,5.045,0.023,0.05,0.076,0.003,1486.01,1085.92,1
Brazil,2018,BRA,210166592.0,3013541101568.0,0.098,477.999,-19.123,-3.847,1378.641,-207.71,-13.094,6.56,0.457,0.397,2.274,0.159,0.138,65.737,0.313,478.331,2.276,0.159,730.019,15278.134,126346.453,2302.501,402.657,1126.327,115226.32,10566.169,150.461,16539.109,1.153,17.505,0.083,67.066,0.319,5.016,6.867,900.643,4.285,438.0,2.084,177.53,0.845,300.805,1.431,0.03,6.392,3475.968,1.309,1.3,3.358,0.446,1.821,0.939,5.25,0.303,2.27,0.488,14.688,1.856,1.712,4.298,0.894,21.018,2.452,2.109,5.033,0.023,0.051,0.077,0.003,1443.29,1054.18,1
Brazil,2019,BRA,211782880.0,3050327244800.0,0.099,473.464,-4.534,-0.949,1712.449,333.808,24.213,8.086,0.561,0.485,2.236,0.155,0.134,61.926,0.292,476.565,2.25,0.156,751.067,15751.598,128058.898,2364.427,420.162,1193.393,116465.305,10865.695,156.853,16681.945,1.158,17.505,0.083,67.066,0.317,5.052,6.929,1238.985,5.85,449.79,2.124,189.05,0.893,299.527,1.414,0.03,6.392,3532.95,1.303,1.278,4.113,0.422,1.801,0.947,5.23,0.305,2.312,0.5,14.76,1.868,1.725,4.02,0.88,26.949,2.42,2.094,5.024,0.024,0.052,0.078,0.003,1467.48,1069.92,1
Brazil,2020,BRA,213196304.0,2950377504768.0,0.11,444.504,-28.96,-6.117,1472.334,-240.115,-14.022,6.906,0.499,0.434,2.085,0.151,0.131,56.21,0.264,427.564,2.005,0.145,774.433,16196.104,129531.242,2420.637,437.667,1252.141,117493.141,11147.979,163.245,15921.327,1.15,17.505,0.082,58.748,0.276,4.994,6.893,1027.829,4.821,459.01,2.153,201.77,0.946,282.284,1.324,0.03,6.392,3394.368,1.431,1.27,3.746,0.395,1.787,0.953,5.207,0.307,2.356,0.509,14.809,1.881,1.739,4.393,0.778,23.93,2.59,2.166,5.018,0.024,0.052,0.08,0.003,1469.64,1064.71,1
China,1990,CHN,1153704192.0,3385121832960.0,0.073,2484.855,21.2,0.861,3852.928,-58.951,-1.507,3.34,1.138,0.485,2.154,0.734,0.313,1976.684,1.713,2320.346,2.011,0.685,925.744,43404.617,85172.0,35176.438,30.613,473.096,46445.609,5646.984,1151.741,6880.663,2.345,0.0,0.0,29.301,0.025,2.807,2.507,1368.074,1.186,764.18,0.662,296.39,0.257,330.291,0.286,0.056,64.065,7938.249,17.121,10.921,13.8,22.716,7.559,5.373,5.92,8.041,0.374,0.598,7.308,2.099,62.25,0.0,0.765,26.478,3.573,28.726,7.03,0.03,0.035,0.068,0.003,2892.41,3238.86,2
China,1991,CHN,1170626176.0,3508947910656.0,0.087,2606.096,121.241,4.879,3619.209,-233.719,-6.066,3.092,1.031,0.434,2.226,0.743,0.313,2049.92,1.751,2399.879,2.05,0.684,1027.049,46010.711,88791.211,37226.355,30.613,503.873,47458.723,6003.011,1219.807,7122.351,2.376,0.0,0.0,30.778,0.026,2.893,2.597,1013.113,0.865,773.83,0.661,303.93,0.26,356.027,0.304,0.058,68.066,8337.61,19.963,11.219,12.845,23.796,8.053,5.536,6.053,8.345,0.362,0.607,7.41,2.154,59.048,0.0,0.787,20.481,3.667,31.571,7.138,0.031,0.036,0.071,0.004,3039.78,3386.24,2
China,1992,CHN,1183813376.0,3755037425664.0,0.103,2730.788,124.691,4.785,3785.728,166.519,4.601,3.198,1.008,0.431,2.307,0.727,0.311,2114.715,1.786,2575.993,2.176,0.686,1149.494,48741.5,92576.938,39341.074,30.613,534.112,48513.664,6388.804,1297.403,7411.395,2.337,0.0,0.0,30.239,0.026,2.969,2.677,1054.941,0.891,779.55,0.659,309.82,0.262,385.793,0.326,0.066,77.596,8773.708,23.166,12.101,13.622,25.147,8.654,5.71,6.193,8.656,0.352,0.614,7.513,2.219,56.855,0.0,0.764,20.198,4.188,35.895,7.247,0.032,0.038,0.073,0.004,3168.74,3515.19,2
China,1993,CHN,1195855616.0,4126169366528.0,0.119,2921.651,190.863,6.989,4008.885,223.157,5.895,3.352,0.972,0.424,2.443,0.708,0.309,2228.745,1.864,2757.112,2.306,0.668,1292.268,51663.152,96585.828,41569.816,30.613,569.84,49600.898,6817.353,1383.258,7908.675,2.292,0.0,0.0,35.728,0.03,3.132,2.842,1087.234,0.909,788.86,0.66,301.62,0.252,428.549,0.358,0.072,85.855,9457.634,25.899,12.815,14.355,26.186,9.341,5.894,6.343,8.978,0.343,0.626,7.621,2.294,55.372,0.0,0.878,21.198,4.649,39.722,7.362,0.032,0.039,0.075,0.004,3398.46,3744.91,2
China,1994,CHN,1207286656.0,4438753280000.0,0.136,3103.739,182.088,6.232,4303.095,294.21,7.339,3.564,0.969,0.428,2.571,0.699,0.309,2380.586,1.972,2750.089,2.278,0.62,1456.645,54766.887,100888.922,43950.402,34.349,611.408,50800.25,7241.064,1473.018,8323.468,2.264,3.737,0.003,41.568,0.034,3.234,2.947,1199.356,0.993,811.27,0.672,315.16,0.261,423.712,0.351,0.074,89.76,10048.812,27.935,13.474,14.935,27.813,10.1,6.089,6.503,9.32,0.372,0.642,7.737,2.363,54.265,1.187,1.013,20.763,4.579,41.482,7.483,0.033,0.041,0.078,0.004,3558.02,3904.48,2
China,1995,CHN,1218144384.0,4810000039936.0,0.152,3361.637,257.898,8.309,4453.87,150.775,3.504,3.656,0.926,0.43,2.76,0.699,0.325,2569.754,2.11,2993.954,2.458,0.622,1641.281,58128.523,105342.797,46520.156,38.078,653.844,51892.484,7709.294,1565.87,8498.712,2.152,3.728,0.003,42.436,0.035,3.536,3.252,1092.233,0.897,848.71,0.697,358.81,0.295,468.23,0.384,0.076,92.852,10352.658,29.671,14.29,15.272,29.191,10.91,6.298,6.664,9.684,0.398,0.658,7.836,2.442,53.297,1.142,1.008,19.368,5.014,41.535,7.613,0.034,0.042,0.08,0.004,3961.46,4307.87,2
China,1996,CHN,1228298880.0,5127589593088.0,0.157,3508.818,147.181,4.378,4652.544,198.674,4.461,3.788,0.907,0.427,2.857,0.684,0.322,2660.401,2.166,3125.313,2.544,0.61,1834.135,61637.344,109995.336,49180.559,43.662,698.315,53036.211,8219.917,1660.757,8880.126,2.127,5.584,0.005,44.47,0.036,3.524,3.243,1143.726,0.931,857.26,0.698,384.86,0.313,510.622,0.416,0.077,94.887,10907.449,30.365,14.469,15.382,29.48,11.698,6.507,6.828,10.049,0.44,0.673,7.937,2.527,52.555,1.593,1.011,19.071,5.307,42.739,7.741,0.035,0.044,0.083,0.004,3982.98,4328.95,2
China,1997,CHN,1237801472.0,5291339415552.0,0.164,3515.594,6.776,0.193,4659.896,7.351,0.158,3.765,0.881,0.424,2.84,0.664,0.32,2609.556,2.108,3058.559,2.471,0.578,2037.009,65152.938,114655.234,51790.113,49.087,742.473,54180.512,8777.878,1756.377,8871.482,2.075,5.425,0.004,44.159,0.036,3.494,3.214,1144.301,0.924,812.25,0.656,356.78,0.288,557.961,0.451,0.077,95.62,10981.134,30.699,14.411,14.618,29.067,12.466,6.705,6.979,10.392,0.478,0.686,8.018,2.619,51.906,1.537,1.001,15.296,5.713,42.739,7.851,0.035,0.046,0.086,0.004,3978.52,4324.41,2
China,1998,CHN,1246836096.0,5338703069184.0,0.17,3364.587,-151.007,-4.295,4430.843,-229.052,-4.915,3.554,0.83,0.403,2.699,0.63,0.306,2444.771,1.961,2959.776,2.374,0.554,2248.377,68517.523,119086.07,54234.887,53.219,792.974,55246.766,9337.141,1850.93,8822.785,2.061,4.132,0.003,50.501,0.041,3.563,3.286,1066.255,0.855,814.34,0.653,365.83,0.293,559.262,0.449,0.076,94.553,11000.566,32.106,13.828,14.529,27.985,13.227,6.879,7.117,10.695,0.502,0.704,8.102,2.706,51.353,1.227,1.126,17.295,5.653,42.87,7.951,0.036,0.048,0.088,0.005,4096.86,4442.51,2
China,1999,CHN,1255433216.0,5578502963200.0,0.182,3557.275,192.687,5.727,4461.806,30.963,0.699,3.554,0.8,0.392,2.834,0.638,0.312,2580.992,2.056,3172.408,2.527,0.569,2476.699,72074.797,123547.875,56815.879,57.652,847.545,56151.297,9933.892,1943.135,9069.433,2.041,4.433,0.004,54.572,0.043,3.485,3.209,904.531,0.72,808.7,0.644,381.46,0.304,596.751,0.475,0.073,92.205,11386.067,33.066,14.325,14.469,29.122,14.001,7.06,7.25,11.012,0.527,0.723,8.163,2.797,50.82,1.343,1.188,15.065,5.888,42.054,8.052,0.037,0.049,0.091,0.005,4029.26,4375.02,2
China,2000,CHN,1264099072.0,5952682590208.0,0.193,3649.201,91.926,2.584,4320.913,-140.893,-3.158,3.418,0.726,0.366,2.887,0.613,0.309,2601.737,2.058,3262.526,2.581,0.548,2721.087,75724.0,127868.797,59417.617,62.389,907.342,56823.008,10582.577,2032.992,9334.936,1.982,4.737,0.004,59.796,0.047,3.613,3.34,671.712,0.531,808.41,0.64,376.31,0.298,648.686,0.513,0.071,89.857,11800.283,33.876,14.31,13.994,28.258,14.78,7.237,7.37,11.314,0.553,0.744,8.196,2.896,50.323,1.364,1.264,12.495,6.311,41.539,8.15,0.037,0.051,0.093,0.005,4221.71,4567.27,2
China,2001,CHN,1272739584.0,6329737412608.0,0.213,3728.513,79.313,2.173,4308.903,-12.01,-0.278,3.386,0.681,0.346,2.93,0.589,0.299,2637.655,2.072,3358.154,2.639,0.531,2991.916,79452.516,132177.703,62055.27,67.171,974.499,57403.398,11241.878,2121.782,9797.812,1.97,4.783,0.004,67.157,0.053,3.74,3.481,580.39,0.456,800.87,0.629,378.53,0.297,659.3,0.518,0.07,88.79,12470.062,35.921,14.522,14.03,28.487,15.612,7.412,7.486,11.611,0.578,0.769,8.22,2.992,49.886,1.424,1.412,11.524,6.366,41.619,8.246,0.038,0.053,0.096,0.005,4430.46,4759.81,2
China,2002,CHN,1280926080.0,6814493573120.0,0.221,4103.042,374.529,10.045,4596.373,287.47,6.672,3.588,0.674,0.338,3.203,0.602,0.302,3018.634,2.357,3650.118,2.85,0.536,3274.604,83555.555,136774.062,65073.906,71.657,1028.492,57896.73,11894.963,2211.938,10602.087,1.993,4.486,0.004,53.993,0.042,3.945,3.687,493.33,0.385,793.65,0.62,397.24,0.31,653.086,0.51,0.07,90.156,13580.49,36.155,15.632,14.53,31.171,16.417,7.608,7.61,11.96,0.6,0.781,8.228,3.081,49.489,1.381,1.101,9.161,6.318,41.682,8.349,0.039,0.055,0.099,0.005,4723.4,5053.06,2
China,2003,CHN,1288873344.0,7248623435776.0,0.274,4841.119,738.076,17.989,5362.1,765.727,16.659,4.16,0.74,0.339,3.756,0.668,0.306,3601.712,2.794,4077.756,3.164,0.563,3628.283,88396.68,142136.156,68675.617,76.836,1089.238,58417.715,12622.062,2304.642,12273.32,2.182,5.18,0.004,60.745,0.047,4.441,4.187,520.981,0.404,818.95,0.635,401.81,0.312,727.099,0.564,0.072,92.704,15818.756,41.125,17.509,16.015,34.228,17.438,7.851,7.763,12.382,0.625,0.797,8.233,3.182,49.133,1.503,1.195,8.931,6.848,41.94,8.475,0.039,0.057,0.102,0.005,5395.93,5724.51,2
China,2004,CHN,1296816768.0,7830953263104.0,0.284,5217.351,376.232,7.772,5825.695,463.596,8.646,4.492,0.744,0.315,4.023,0.666,0.282,3835.288,2.957,4315.593,3.328,0.551,3996.679,93614.023,147961.875,72510.906,82.028,1160.759,59026.055,13461.154,2402.502,14272.745,2.364,5.192,0.004,71.521,0.055,5.005,4.751,608.344,0.469,865.02,0.667,417.61,0.322,839.093,0.647,0.075,97.86,18509.135,40.998,18.23,17.127,35.262,18.414,8.108,7.934,12.822,0.649,0.817,8.256,3.301,48.81,1.515,1.36,11.279,7.621,42.258,8.62,0.04,0.059,0.105,0.006,6161.01,6489.94,2
China,2005,CHN,1304887552.0,8602939555840.0,0.315,5882.143,664.792,12.742,6268.588,442.893,7.602,4.804,0.729,0.298,4.508,0.684,0.28,4424.39,3.391,4717.784,3.615,0.548,4408.328,99496.164,154230.453,76935.289,87.616,1245.716,59412.5,14311.327,2507.889,16114.158,2.444,5.588,0.004,84.957,0.065,5.566,5.314,386.445,0.296,902.04,0.691,427.86,0.328,850.173,0.652,0.081,105.387,21027.164,42.705,19.877,18.178,38.294,19.447,8.403,8.12,13.332,0.675,0.845,8.254,3.417,48.561,1.606,1.581,7.9,7.653,43.499,8.788,0.041,0.062,0.109,0.006,6934.07,7263.56,2
China,2006,CHN,1313086592.0,9489543593984.0,0.358,6494.338,612.195,10.408,6898.949,630.36,10.056,5.254,0.727,0.299,4.946,0.684,0.282,4905.374,3.736,5135.453,3.911,0.541,4878.415,105990.508,161129.391,81840.672,93.15,1349.469,59817.113,15209.861,2618.945,17552.789,2.429,5.534,0.004,103.753,0.079,6.049,5.798,404.611,0.308,940.51,0.716,440.71,0.336,898.534,0.684,0.085,111.056,23048.332,44.713,21.219,19.249,40.211,20.566,8.725,8.326,13.889,0.699,0.882,8.25,3.537,48.343,1.592,1.872,7.729,8.015,43.902,8.973,0.042,0.065,0.113,0.006,7612.85,7942.46,2
China,2007,CHN,1321513216.0,10358205972480.0,0.39,6983.577,489.239,7.533,7342.994,444.045,6.436,5.557,0.709,0.293,5.285,0.674,0.279,5289.904,4.003,5545.422,4.196,0.535,5393.396,112974.086,168472.391,87130.57,98.115,1478.985,60176.527,16137.212,2735.806,18955.223,2.418,4.965,0.004,129.515,0.098,6.471,6.221,359.417,0.272,970.03,0.734,449.65,0.34,927.351,0.702,0.088,116.861,25049.576,45.607,22.17,20.366,41.364,21.704,9.065,8.546,14.472,0.718,0.932,8.248,3.657,48.191,1.446,2.26,7.889,8.244,45.012,9.169,0.043,0.068,0.118,0.006,8221.63,8551.05,2
China,2008,CHN,1330167168.0,10799147909120.0,0.395,7501.498,517.921,7.416,7854.141,511.147,6.961,5.905,0.727,0.302,5.64,0.695,0.288,5729.474,4.307,5969.058,4.487,0.553,5919.32,120475.586,176326.547,92860.047,102.781,1628.659,60529.172,17107.328,2857.448,19561.799,2.409,4.666,0.004,149.674,0.113,6.62,6.373,352.643,0.265,988.56,0.743,465.49,0.35,970.117,0.729,0.091,121.642,26020.463,45.998,23.412,21.353,43.393,22.773,9.425,8.781,15.093,0.734,0.99,8.243,3.78,48.13,1.394,2.539,7.438,8.657,46.793,9.374,0.044,0.071,0.122,0.006,8477.05,8805.33,2
China,2009,CHN,1339125632.0,11572544012288.0,0.436,7891.089,389.592,5.194,8248.937,394.796,5.027,6.16,0.713,0.304,5.893,0.682,0.291,6028.5,4.502,6721.393,5.019,0.581,6502.88,128366.672,184575.469,98888.547,107.337,1793.063,60887.02,18089.676,2985.169,20281.068,2.347,4.557,0.003,164.404,0.123,7.005,6.759,357.847,0.267,1017.72,0.76,476.38,0.356,982.348,0.734,0.095,127.721,27158.898,49.647,25.056,22.459,46.255,23.936,9.801,9.027,15.739,0.749,1.053,8.233,3.903,48.296,1.379,2.86,6.834,8.962,52.338,9.589,0.046,0.075,0.127,0.007,9051.17,9380.45,2
China,2010,CHN,1348191360.0,12858808074240.0,0.474,8620.627,729.538,9.245,8631.894,382.958,4.643,6.403,0.671,0.297,6.394,0.67,0.297,6568.793,4.872,7336.8,5.442,0.571,7142.472,136987.297,193207.375,105457.336,111.311,1992.648,60898.289,19182.248,3101.279,21551.547,2.26,3.974,0.003,199.585,0.148,7.574,7.33,11.268,0.008,1066.02,0.791,488.82,0.363,1092.572,0.81,0.086,116.11,29055.609,50.969,25.883,22.43,47.119,25.129,10.2,9.274,16.42,0.758,1.129,8.177,4.04,48.253,1.164,3.223,0.218,9.643,47.168,9.816,0.047,0.079,0.132,0.007,9882.38,10211.64,2
China,2011,CHN,1357095424.0,13691527364608.0,0.522,9532.409,911.782,10.577,9593.182,961.287,11.136,7.069,0.701,0.306,7.024,0.696,0.304,7309.786,5.386,8137.908,5.997,0.594,7851.037,146519.703,202800.547,112767.125,115.165,2238.638,60959.059,20306.107,3241.635,23090.885,2.289,3.853,0.003,245.99,0.181,8.172,7.65,60.772,0.045,1112.8,0.82,497.79,0.367,1123.859,0.828,0.103,140.357,31336.535,52.518,27.681,24.192,49.621,26.37,10.637,9.553,17.165,0.766,1.224,8.128,4.177,48.366,1.072,3.86,1.165,9.903,51.024,10.073,0.048,0.083,0.138,0.007,10382.27,11089.79,2
China,2012,CHN,1366560768.0,14773157625856.0,0.523,9779.354,246.946,2.591,9837.238,244.057,2.544,7.199,0.666,0.302,7.156,0.662,0.3,7464.806,5.462,8498.251,6.219,0.575,8565.818,156299.062,212637.797,120231.93,118.897,2516.237,61016.941,21482.82,3383.358,23873.199,2.208,3.733,0.003,277.599,0.203,8.324,7.806,57.883,0.042,1113.26,0.815,509.82,0.373,1176.712,0.861,0.104,141.722,32624.178,51.64,27.993,24.422,50.111,27.493,11.066,9.83,17.895,0.771,1.329,8.078,4.317,48.479,0.989,4.269,1.083,10.234,51.217,10.324,0.049,0.088,0.144,0.007,10667.19,11374.8,2
China,2013,CHN,1376100352.0,15925464006656.0,0.544,9956.376,177.021,1.81,10002.81,165.572,1.683,7.269,0.628,0.295,7.235,0.625,0.294,7493.454,5.445,8724.944,6.34,0.548,9314.142,166255.438,222640.609,127725.391,122.53,2836.365,61063.375,22717.441,3539.575,24600.359,2.126,3.632,0.003,320.127,0.233,8.62,8.106,46.434,0.034,1136.23,0.826,523.04,0.38,1234.622,0.897,0.114,156.217,33852.562,51.862,28.259,24.95,49.993,28.572,11.484,10.105,18.596,0.775,1.448,8.033,4.461,48.664,0.942,4.898,0.956,10.658,53.037,10.576,0.051,0.092,0.15,0.007,11154.26,11861.84,2
China,2014,CHN,1385189632.0,17103948087296.0,0.562,9998.674,42.298,0.425,10441.911,439.101,4.39,7.538,0.61,0.301,7.218,0.585,0.288,7425.067,5.36,8815.555,6.364,0.515,10092.769,176254.109,233082.5,135150.453,126.46,3206.586,61506.613,23973.047,3704.798,25071.705,2.03,3.93,0.003,370.222,0.267,8.62,8.11,443.237,0.32,1149.47,0.83,534.71,0.386,1255.605,0.906,0.119,165.223,34729.066,51.926,28.192,25.668,49.48,29.599,11.884,10.387,19.256,0.781,1.583,8.036,4.603,48.883,1.016,5.57,8.5,10.804,54.103,10.824,0.052,0.096,0.156,0.008,11233.38,11940.74,2
China,2015,CHN,1393715456.0,18301224747008.0,0.518,9866.951,-131.722,-1.317,10242.954,-198.957,-1.905,7.349,0.56,0.292,7.08,0.539,0.281,7266.979,5.214,8868.106,6.363,0.485,10814.763,186121.062,243325.469,142417.422,130.361,3586.639,61882.613,25301.852,3870.017,25210.303,1.92,3.901,0.003,380.052,0.273,8.47,7.962,376.002,0.27,1147.67,0.823,549.87,0.395,1328.805,0.953,0.119,165.219,35135.988,49.984,27.823,24.926,49.563,30.427,12.256,10.649,19.876,0.787,1.713,8.026,4.749,49.096,1.015,5.603,6.678,11.18,54.411,11.052,0.053,0.101,0.162,0.008,11097.28,11804.7,2
China,2016,CHN,1401889664.0,19545710395392.0,0.53,9765.029,-101.923,-1.033,9978.354,-264.6,-2.583,7.118,0.511,0.283,6.966,0.5,0.277,7071.404,5.044,8865.027,6.324,0.454,11557.807,195886.094,253303.812,149488.828,133.452,4008.365,62095.941,26659.688,4037.945,25164.398,1.805,3.09,0.002,421.726,0.301,8.398,7.936,213.326,0.152,1107.28,0.79,551.99,0.394,1357.838,0.969,0.12,167.928,35277.711,50.108,27.538,24.909,49.362,31.215,12.605,10.894,20.454,0.788,1.853,8.006,4.894,49.345,0.826,6.051,4.639,11.309,55.883,11.264,0.054,0.105,0.168,0.008,11126.01,11773.34,2
China,2017,CHN,1410275968.0,20894363680768.0,0.538,10011.151,246.122,2.52,10472.555,494.2,4.953,7.426,0.501,0.286,7.099,0.479,0.273,7163.318,5.079,9142.489,6.483,0.438,12315.993,205897.234,263776.375,156652.156,136.421,4494.724,62557.344,28090.275,4207.678,25987.383,1.754,2.969,0.002,486.359,0.345,8.519,8.06,461.403,0.327,1116.91,0.792,549.27,0.389,1430.587,1.014,0.12,169.733,36649.383,50.393,27.789,25.801,49.437,31.964,12.949,11.15,21.018,0.787,2.012,8.018,5.043,49.585,0.766,6.83,10.107,11.707,56.052,11.481,0.056,0.11,0.174,0.008,11366.6,12014.2,2
China,2018,CHN,1417069440.0,22294286041088.0,0.555,10353.935,342.783,3.424,11050.448,577.893,5.518,7.798,0.496,0.288,7.307,0.464,0.27,7316.4,5.163,9615.418,6.785,0.431,13102.737,216251.172,274826.812,163968.547,139.829,5070.093,63253.855,29590.75,4379.217,27104.984,1.723,3.408,0.002,575.369,0.406,8.838,8.381,696.514,0.492,1147.49,0.81,545.9,0.385,1500.474,1.059,0.121,171.539,38409.645,50.245,28.161,26.918,49.686,32.678,13.293,11.419,21.573,0.788,2.196,8.063,5.198,49.826,0.837,7.674,16.254,12.231,56.586,11.706,0.057,0.115,0.18,0.008,11877.1,12524.34,2
China,2019,CHN,1421864064.0,23631939764224.0,0.582,10721.042,367.108,3.546,11471.032,420.584,3.806,8.068,0.485,0.285,7.54,0.454,0.267,7523.17,5.291,9932.761,6.986,0.42,13929.613,226972.219,286297.844,171491.719,143.668,5700.265,64003.848,31150.477,4556.474,28264.688,1.701,3.839,0.003,630.171,0.443,8.955,8.499,749.99,0.527,1163.53,0.818,536.88,0.378,1559.728,1.097,0.125,177.257,40188.543,51.175,28.944,27.55,51.233,33.394,13.641,11.693,22.135,0.79,2.39,8.111,5.356,50.103,0.882,8.268,16.313,12.601,58.077,11.934,0.058,0.119,0.186,0.009,12085.05,12732.25,2
China,2020,CHN,1424929792.0,24151844716544.0,0.602,10914.012,192.97,1.8,11743.429,272.396,2.375,8.241,0.486,0.283,7.659,0.452,0.263,7679.546,5.389,9984.131,7.007,0.413,14787.846,237886.219,298041.281,179171.266,148.838,6376.738,64833.266,32673.529,4728.013,29119.828,1.718,5.17,0.004,676.473,0.475,9.083,8.629,829.416,0.582,1186.57,0.833,537.23,0.377,1523.052,1.069,0.12,171.539,41493.711,52.554,31.176,29.879,53.983,34.116,14.002,11.981,22.709,0.801,2.591,8.172,5.514,50.355,1.297,8.954,19.31,13.973,58.139,12.175,0.06,0.124,0.193,0.009,12295.62,12942.87,2
Germany,1990,DEU,79370192.0,2015547490304.0,0.193,1054.741,45.948,4.555,1014.775,30.797,3.13,12.785,0.503,0.242,13.289,0.523,0.252,569.117,7.17,1194.926,15.055,0.593,779.13,66794.344,66887.266,53575.48,6.981,2061.98,332.439,10359.835,10.936,52823.883,2.08,3.841,0.048,122.282,1.541,14.234,13.821,-39.965,-0.504,99.83,1.258,67.17,0.846,333.267,4.199,0.138,10.936,4192.642,3.099,4.636,3.635,6.54,6.362,8.268,4.649,12.247,0.085,2.606,0.052,3.851,0.591,1.484,3.192,-0.773,3.605,4.904,3.921,0.007,0.03,0.038,0.002,1096.99,1129.74,1
Germany,1991,DEU,79801984.0,2141316317184.0,0.172,1016.87,-37.87,-3.59,976.293,-38.482,-3.792,12.234,0.456,0.239,12.742,0.475,0.249,504.043,6.316,1144.322,14.34,0.534,792.872,67811.211,67863.562,54079.52,10.6,2192.126,291.862,10715.087,21.005,51259.914,1.91,3.619,0.045,130.146,1.631,13.814,13.404,-40.577,-0.508,96.97,1.215,66.09,0.828,355.252,4.452,0.126,10.069,4090.643,2.708,4.378,3.465,5.851,6.217,8.159,4.626,12.123,0.125,2.64,0.046,3.845,1.017,1.321,3.329,-0.82,3.659,4.67,3.895,0.007,0.03,0.039,0.002,1069.65,1102.4,1
Germany,1992,DEU,80205024.0,2204952428544.0,0.18,969.474,-47.396,-4.661,950.103,-26.19,-2.683,11.846,0.431,0.237,12.087,0.44,0.242,454.311,5.664,1207.438,15.054,0.548,807.316,68780.688,68813.672,54533.832,14.14,2321.495,272.491,11073.008,30.894,49988.609,1.818,3.54,0.044,129.37,1.613,13.179,12.771,-19.371,-0.242,91.52,1.141,66.11,0.824,357.921,4.463,0.123,9.889,4009.338,2.733,4.296,3.419,5.402,6.078,8.057,4.604,11.999,0.163,2.668,0.042,3.846,1.354,1.463,3.267,-0.371,3.886,4.575,3.869,0.007,0.03,0.039,0.002,1024.26,1057.02,1
Germany,1993,DEU,80573496.0,2206290935808.0,0.18,959.367,-10.107,-1.043,944.012,-6.092,-0.641,11.716,0.428,0.237,11.907,0.435,0.24,430.776,5.346,1160.422,14.402,0.526,821.847,69740.055,69757.672,54964.609,17.458,2457.783,257.136,11437.582,40.774,49538.949,1.809,3.318,0.041,136.288,1.691,13.013,12.607,-15.356,-0.191,89.98,1.117,63.05,0.783,364.574,4.525,0.123,9.88,3991.526,2.636,4.208,3.38,5.061,5.941,7.957,4.581,11.871,0.196,2.699,0.04,3.849,1.632,1.417,3.351,-0.299,3.955,4.571,3.843,0.007,0.031,0.039,0.002,1015.75,1048.5,1
Germany,1994,DEU,80882120.0,2283952930816.0,0.19,943.185,-16.182,-1.687,927.707,-16.304,-1.727,11.47,0.406,0.235,11.661,0.413,0.239,418.185,5.17,1134.98,14.033,0.497,837.188,70683.234,70685.383,55382.793,20.678,2599.933,241.658,11791.351,51.295,48888.086,1.731,3.22,0.04,142.15,1.757,12.845,12.44,-15.478,-0.191,88.51,1.094,66.51,0.822,353.769,4.374,0.13,10.521,3954.172,2.607,4.095,3.22,4.886,5.805,7.858,4.556,11.745,0.224,2.732,0.037,3.849,1.89,1.023,3.465,-0.268,3.823,4.862,3.815,0.007,0.031,0.04,0.002,1006.17,1038.94,1
Germany,1995,DEU,81123264.0,2347761139712.0,0.192,939.897,-3.288,-0.349,921.047,-6.66,-0.718,11.354,0.392,0.232,11.586,0.4,0.236,406.046,5.005,1140.018,14.053,0.486,852.75,71623.133,71606.43,55788.84,23.738,2752.904,222.808,12143.014,61.89,48996.98,1.693,3.06,0.038,152.97,1.886,12.753,12.349,-18.85,-0.232,87.49,1.078,64.6,0.796,351.664,4.335,0.131,10.595,3974.795,2.501,3.995,3.158,4.612,5.668,7.76,4.53,11.614,0.248,2.77,0.034,3.846,2.106,0.937,3.633,-0.334,3.766,4.739,3.787,0.007,0.032,0.04,0.002,1001.83,1034.57,1
Germany,1996,DEU,81300864.0,2391519789056.0,0.182,959.653,19.756,2.102,940.433,19.386,2.105,11.567,0.393,0.229,11.804,0.401,0.234,400.612,4.928,1123.903,13.824,0.47,867.561,72582.789,72546.859,56189.453,26.952,2922.86,203.587,12504.033,71.93,50501.871,1.717,3.213,0.04,169.956,2.09,13.095,12.692,-19.221,-0.236,86.23,1.061,65.81,0.809,361.019,4.441,0.124,10.041,4105.846,2.332,3.957,3.109,4.439,5.533,7.662,4.503,11.482,0.272,2.816,0.03,3.843,2.276,0.917,3.866,-0.32,3.752,4.523,3.759,0.006,0.032,0.04,0.002,1031.85,1064.64,1
Germany,1997,DEU,81436096.0,2461046145024.0,0.188,931.487,-28.166,-2.935,916.53,-23.902,-2.542,11.255,0.372,0.226,11.438,0.378,0.23,386.864,4.751,1078.258,13.241,0.438,882.836,73514.273,73463.391,56576.316,30.191,3085.738,188.631,12857.081,82.114,49771.383,1.647,3.239,0.04,162.878,2.0,12.617,12.215,-14.956,-0.184,83.26,1.022,63.29,0.777,353.047,4.335,0.125,10.184,4053.187,2.311,3.818,2.875,4.309,5.403,7.566,4.472,11.352,0.294,2.852,0.028,3.837,2.427,0.918,3.69,-0.2,3.615,4.552,3.728,0.006,0.033,0.041,0.002,994.71,1027.51,1
Germany,1998,DEU,81524384.0,2535903723520.0,0.191,923.467,-8.02,-0.861,903.923,-12.607,-1.376,11.088,0.356,0.225,11.327,0.364,0.23,377.48,4.63,1080.495,13.254,0.426,898.38,74437.742,74367.32,56953.793,33.359,3251.115,169.087,13208.962,92.129,49305.879,1.585,3.168,0.039,165.378,2.029,12.323,11.921,-19.544,-0.24,79.77,0.978,50.77,0.623,351.882,4.316,0.123,10.015,4019.631,2.361,3.795,2.964,4.321,5.285,7.474,4.444,11.231,0.314,2.885,0.025,3.829,2.556,0.941,3.687,-0.317,3.557,4.541,3.698,0.006,0.033,0.041,0.002,971.83,1004.64,1
Germany,1999,DEU,81556968.0,2613176696832.0,0.193,895.402,-28.065,-3.039,874.4,-29.523,-3.266,10.721,0.335,0.221,10.979,0.343,0.226,360.052,4.415,1089.646,13.361,0.417,914.152,75333.141,75241.719,57313.844,36.473,3416.743,148.085,13549.769,102.162,48598.668,1.517,3.113,0.038,165.627,2.031,11.852,11.449,-21.002,-0.258,77.55,0.951,47.12,0.578,340.806,4.179,0.123,10.033,3963.56,2.284,3.606,2.836,4.063,5.168,7.38,4.415,11.108,0.333,2.913,0.022,3.815,2.672,0.943,3.604,-0.35,3.362,4.576,3.668,0.006,0.033,0.041,0.002,933.74,966.63,1
Germany,2000,DEU,81551680.0,2718560681984.0,0.187,898.938,3.536,0.395,878.691,4.291,0.491,10.775,0.323,0.22,11.023,0.331,0.225,373.46,4.579,1083.652,13.288,0.399,929.404,76232.078,76120.406,57687.305,39.465,3583.163,127.839,13880.505,112.237,48903.699,1.467,2.992,0.037,166.421,2.041,11.761,11.357,-20.247,-0.248,74.99,0.92,45.45,0.557,330.737,4.056,0.124,10.075,3988.179,2.114,3.525,2.846,4.056,5.048,7.286,4.387,10.984,0.35,2.937,0.018,3.799,2.778,0.862,3.518,-0.377,3.218,4.658,3.636,0.006,0.034,0.042,0.002,926.16,959.12,1
Germany,2001,DEU,81514568.0,2793372909568.0,0.166,915.242,16.304,1.814,894.052,15.361,1.748,10.968,0.32,0.22,11.228,0.328,0.225,376.52,4.619,1080.182,13.251,0.387,942.908,77147.328,77014.461,58063.828,42.435,3756.963,106.649,14219.361,121.83,49841.387,1.454,2.97,0.036,173.8,2.132,11.997,11.997,-21.19,-0.26,73.32,0.899,47.11,0.578,338.856,4.157,0.118,9.592,4062.799,1.791,3.565,2.911,4.066,4.92,7.197,4.362,10.865,0.365,2.964,0.015,3.784,2.864,0.884,3.654,-0.421,3.272,4.496,3.605,0.006,0.034,0.042,0.002,977.91,977.89,1
Germany,2002,DEU,81443424.0,2822441533440.0,0.157,898.835,-16.408,-1.793,882.237,-11.816,-1.322,10.833,0.313,0.22,11.036,0.318,0.224,375.786,4.614,1027.003,12.61,0.364,955.731,78046.156,77896.695,58439.613,45.401,3930.573,90.051,14543.773,131.068,49257.789,1.421,2.966,0.036,173.61,2.132,11.809,11.808,-16.598,-0.204,71.09,0.873,46.91,0.576,324.412,3.983,0.113,9.238,4011.723,1.64,3.424,2.789,3.88,4.791,7.106,4.334,10.74,0.38,2.985,0.013,3.767,2.932,0.913,3.54,-0.308,3.138,4.271,3.573,0.006,0.034,0.042,0.002,961.7,961.78,1
Germany,2003,DEU,81346808.0,2831676080128.0,0.166,899.858,1.024,0.114,886.139,3.902,0.442,10.893,0.313,0.221,11.062,0.318,0.224,379.524,4.666,1067.265,13.12,0.377,969.238,78946.016,78782.836,58819.137,48.404,4105.432,76.332,14863.486,140.321,49300.902,1.416,3.003,0.037,174.859,2.15,11.838,11.835,-13.72,-0.169,68.93,0.847,46.67,0.574,319.712,3.93,0.114,9.253,4010.471,1.571,3.255,2.647,3.607,4.658,7.012,4.303,10.605,0.394,3.002,0.011,3.746,2.992,0.871,3.44,-0.235,3.011,4.186,3.539,0.006,0.035,0.043,0.002,962.78,963.01,1
Germany,2004,DEU,81266672.0,2894624980992.0,0.173,885.633,-14.226,-1.581,871.898,-14.241,-1.607,10.729,0.301,0.217,10.898,0.306,0.221,375.978,4.626,1050.724,12.929,0.363,983.307,79831.648,79654.734,59195.113,51.332,4278.776,62.597,15173.667,149.454,49342.406,1.385,2.928,0.036,173.344,2.133,11.647,11.642,-13.734,-0.169,66.26,0.815,47.99,0.591,310.181,3.817,0.112,9.133,4009.893,1.566,3.094,2.563,3.457,4.53,6.915,4.271,10.467,0.406,3.013,0.009,3.721,3.036,0.855,3.295,-0.255,2.817,3.944,3.504,0.006,0.035,0.043,0.002,946.12,946.51,1
Germany,2005,DEU,81212168.0,2945460994048.0,0.161,865.471,-20.162,-2.277,849.308,-22.59,-2.591,10.458,0.288,0.214,10.657,0.294,0.218,363.226,4.473,1049.215,12.919,0.356,996.356,80697.125,80504.047,59558.34,54.286,4452.193,46.435,15477.679,158.266,48793.613,1.345,2.954,0.036,173.416,2.135,11.384,11.38,-16.163,-0.199,64.63,0.796,46.24,0.569,304.012,3.743,0.109,8.812,3962.635,1.354,2.925,2.463,3.144,4.395,6.815,4.238,10.321,0.418,3.021,0.006,3.695,3.065,0.849,3.226,-0.33,2.737,3.637,3.469,0.005,0.036,0.043,0.002,924.16,924.53,1
Germany,2006,DEU,81177816.0,3086359199744.0,0.164,877.498,12.027,1.39,863.19,13.882,1.635,10.633,0.28,0.212,10.81,0.284,0.216,369.583,4.553,1042.732,12.845,0.338,1009.697,81574.617,81367.234,59927.926,57.355,4630.576,32.127,15781.817,167.25,50043.066,1.316,3.069,0.038,178.383,2.197,11.497,11.493,-14.307,-0.176,62.77,0.773,44.81,0.552,304.138,3.747,0.111,8.984,4062.387,1.269,2.867,2.408,3.03,4.257,6.715,4.205,10.17,0.43,3.028,0.004,3.67,3.087,0.883,3.218,-0.273,2.713,3.552,3.432,0.005,0.036,0.043,0.002,932.95,933.32,1
Germany,2007,DEU,81183832.0,3220275724288.0,0.178,850.23,-27.268,-3.107,837.065,-26.125,-3.027,10.311,0.26,0.215,10.473,0.264,0.218,379.374,4.673,1040.366,12.815,0.323,1024.146,82424.852,82204.297,60307.297,60.344,4805.003,18.963,16051.62,176.438,47958.113,1.209,2.989,0.037,174.428,2.149,11.146,11.142,-13.165,-0.162,61.21,0.754,48.47,0.597,269.802,3.323,0.113,9.188,3893.423,1.28,2.699,2.322,2.967,4.121,6.614,4.17,10.017,0.441,3.028,0.003,3.637,3.108,0.871,3.044,-0.289,2.398,3.539,3.396,0.005,0.036,0.044,0.002,904.52,904.89,1
Germany,2008,DEU,81217488.0,3289020366848.0,0.167,852.858,2.628,0.309,839.342,2.276,0.272,10.334,0.255,0.213,10.501,0.259,0.217,356.208,4.386,1038.432,12.786,0.316,1037.724,83277.711,83043.641,60663.504,63.288,4984.824,5.447,16342.849,185.516,48446.047,1.196,2.945,0.036,179.821,2.214,11.176,11.172,-13.516,-0.166,60.81,0.749,46.15,0.568,291.228,3.586,0.112,9.078,3934.666,1.188,2.662,2.282,2.698,3.992,6.515,4.136,9.86,0.452,3.029,0.001,3.612,3.125,0.88,3.051,-0.285,2.599,3.492,3.361,0.005,0.037,0.044,0.002,907.34,907.72,1
Germany,2009,DEU,81260624.0,3136502104064.0,0.155,788.286,-64.572,-7.571,771.523,-67.819,-8.08,9.494,0.246,0.209,9.701,0.251,0.214,317.893,3.912,972.58,11.969,0.31,1050.283,84065.992,83815.164,60981.398,65.864,5152.224,-11.316,16623.008,193.215,45436.254,1.177,2.575,0.032,167.4,2.06,10.476,10.471,-16.763,-0.206,58.9,0.725,46.35,0.57,280.159,3.448,0.095,7.699,3692.178,1.068,2.503,2.101,2.439,3.866,6.418,4.099,9.706,0.459,3.025,-0.002,3.587,3.126,0.779,2.912,-0.32,2.556,3.155,3.325,0.005,0.037,0.044,0.002,850.86,851.25,1
Germany,2010,DEU,81325088.0,3301123031040.0,0.153,831.13,42.844,5.435,818.476,46.953,6.086,10.064,0.248,0.213,10.22,0.252,0.216,343.352,4.222,1022.113,12.568,0.31,1062.715,84897.117,84633.641,61324.75,68.445,5336.215,-23.97,16903.453,201.542,47305.836,1.165,2.582,0.032,183.991,2.262,10.842,10.837,-12.653,-0.156,57.84,0.711,39.31,0.483,280.447,3.448,0.102,8.327,3847.151,0.991,2.495,2.127,2.463,3.739,6.321,4.063,9.549,0.466,3.023,-0.003,3.56,3.136,0.756,2.971,-0.244,2.475,3.383,3.29,0.005,0.037,0.044,0.002,881.31,881.69,1
Germany,2011,DEU,81423384.0,3467712921600.0,0.164,807.614,-23.516,-2.829,793.163,-25.313,-3.093,9.741,0.229,0.214,9.919,0.233,0.218,344.685,4.233,981.791,12.058,0.283,1076.108,85704.734,85426.797,61669.434,71.118,5504.613,-38.421,17173.305,210.157,45571.484,1.07,2.673,0.033,168.397,2.068,10.464,10.326,-14.451,-0.177,55.94,0.687,37.77,0.464,269.85,3.314,0.106,8.615,3710.584,0.993,2.345,2.0,2.34,3.614,6.222,4.024,9.387,0.473,3.01,-0.005,3.532,3.136,0.743,2.642,-0.277,2.378,3.132,3.253,0.005,0.038,0.045,0.002,840.75,852.01,1
Germany,2012,DEU,81545568.0,3482225475584.0,0.163,812.816,5.202,0.644,803.035,9.872,1.245,9.848,0.231,0.213,9.968,0.233,0.216,349.791,4.29,917.211,11.248,0.263,1089.397,86517.547,86229.836,62019.223,73.776,5672.663,-48.201,17444.01,218.48,46132.684,1.08,2.657,0.033,168.05,2.061,10.61,10.472,-9.781,-0.12,55.34,0.679,37.85,0.464,270.706,3.32,0.102,8.323,3761.916,0.96,2.327,1.994,2.348,3.497,6.125,3.986,9.231,0.479,2.996,-0.006,3.505,3.131,0.704,2.584,-0.183,2.354,3.008,3.217,0.005,0.038,0.045,0.002,853.95,865.21,1
Germany,2013,DEU,81680592.0,3497463119872.0,0.153,833.804,20.989,2.582,825.475,22.441,2.794,10.106,0.236,0.213,10.208,0.238,0.216,356.89,4.369,929.137,11.375,0.266,1101.9,87351.352,87055.312,62376.117,76.464,5843.199,-56.53,17726.562,227.115,47361.52,1.106,2.689,0.033,170.536,2.088,10.793,10.655,-8.329,-0.102,55.08,0.674,38.48,0.471,282.552,3.459,0.106,8.635,3868.517,0.867,2.367,2.059,2.381,3.38,6.034,3.951,9.081,0.484,2.983,-0.007,3.481,3.122,0.697,2.609,-0.171,2.439,2.932,3.184,0.005,0.039,0.045,0.002,870.32,881.58,1
Germany,2014,DEU,81858824.0,3574741336064.0,0.158,794.738,-39.066,-4.685,788.546,-36.929,-4.474,9.633,0.221,0.213,9.709,0.222,0.214,344.857,4.213,906.148,11.07,0.253,1114.804,88146.094,87843.859,62720.969,78.943,5995.478,-62.723,17999.896,236.0,45327.605,1.038,2.478,0.03,152.279,1.86,10.271,10.133,-6.192,-0.076,53.39,0.652,39.37,0.481,273.335,3.339,0.109,8.885,3710.465,0.861,2.241,1.938,2.298,3.269,5.943,3.915,8.936,0.488,2.96,-0.008,3.456,3.114,0.64,2.291,-0.119,2.352,2.909,3.151,0.004,0.039,0.045,0.002,829.47,840.76,1
Germany,2015,DEU,82073232.0,3628073746432.0,0.154,798.085,3.346,0.421,790.941,2.395,0.304,9.637,0.218,0.209,9.724,0.22,0.211,341.028,4.155,893.464,10.886,0.246,1127.43,88944.18,88634.805,63062.0,81.316,6152.943,-69.866,18275.73,244.757,46066.906,1.042,2.374,0.029,157.466,1.919,10.301,10.163,-7.144,-0.087,52.53,0.64,38.5,0.469,275.835,3.361,0.107,8.757,3780.86,0.874,2.25,1.925,2.326,3.172,5.857,3.879,8.801,0.491,2.939,-0.009,3.43,3.105,0.618,2.321,-0.127,2.321,2.884,3.119,0.004,0.039,0.046,0.002,834.14,845.44,1
Germany,2016,DEU,82331432.0,3708980035584.0,0.154,801.745,3.66,0.459,796.912,5.971,0.755,9.679,0.215,0.207,9.738,0.216,0.209,329.449,4.001,909.227,11.043,0.245,1140.093,89745.922,89431.711,63391.449,83.657,6322.42,-74.699,18554.85,253.455,46658.379,1.036,2.34,0.028,169.476,2.058,10.305,10.166,-4.832,-0.059,51.6,0.627,37.8,0.459,279.118,3.39,0.106,8.698,3841.451,0.854,2.261,1.989,2.3,3.079,5.775,3.846,8.674,0.494,2.923,-0.01,3.406,3.097,0.625,2.432,-0.105,2.325,2.895,3.089,0.004,0.04,0.046,0.002,836.97,848.45,1
Germany,2017,DEU,82624368.0,3808389496832.0,0.162,785.986,-15.759,-1.966,781.653,-15.259,-1.915,9.46,0.205,0.201,9.513,0.206,0.202,310.775,3.761,898.094,10.87,0.236,1153.501,90531.906,90213.367,63702.227,85.917,6493.848,-79.032,18834.289,262.131,47057.949,1.021,2.26,0.027,171.428,2.075,10.06,9.92,-4.333,-0.052,51.15,0.619,36.71,0.444,279.439,3.382,0.105,8.676,3888.133,0.891,2.182,1.926,2.145,2.994,5.694,3.813,8.547,0.496,2.906,-0.01,3.382,3.089,0.583,2.407,-0.095,2.287,2.865,3.059,0.004,0.04,0.046,0.002,819.67,831.16,1
Germany,2018,DEU,82896696.0,3845758648320.0,0.16,754.811,-31.175,-3.966,745.749,-35.904,-4.593,8.996,0.194,0.197,9.105,0.196,0.199,295.686,3.567,883.259,10.655,0.23,1166.729,91286.719,90959.109,63997.91,87.915,6663.421,-88.094,19099.785,270.96,45691.598,0.985,1.998,0.024,169.574,2.046,9.681,9.542,-9.062,-0.109,49.6,0.598,34.84,0.42,265.495,3.203,0.107,8.829,3787.682,0.845,2.053,1.817,2.008,2.91,5.611,3.779,8.42,0.496,2.886,-0.011,3.355,3.083,0.491,2.262,-0.211,2.164,2.913,3.029,0.004,0.04,0.047,0.002,791.0,802.49,1
Germany,2019,DEU,83148144.0,3886392803328.0,0.16,707.491,-47.32,-6.269,698.699,-47.05,-6.309,8.403,0.18,0.189,8.509,0.182,0.191,240.115,2.888,841.38,10.119,0.216,1180.015,91994.211,91657.812,64238.027,89.934,6835.945,-96.886,19370.816,279.476,44436.824,0.951,2.019,0.024,172.524,2.075,9.04,8.901,-8.792,-0.106,48.45,0.583,35.03,0.421,271.031,3.26,0.102,8.516,3694.84,0.822,1.91,1.678,1.635,2.829,5.529,3.744,8.292,0.495,2.866,-0.012,3.331,3.073,0.464,2.264,-0.191,2.19,2.79,2.997,0.004,0.041,0.047,0.002,740.08,751.65,1
Germany,2020,DEU,83328992.0,3742720851968.0,0.16,647.252,-60.239,-8.514,638.599,-60.1,-8.602,7.664,0.171,0.185,7.767,0.173,0.188,198.559,2.383,773.277,9.28,0.207,1193.373,92641.461,92296.414,64436.586,91.741,7007.003,-105.539,19625.246,287.515,41328.738,0.92,1.806,0.022,171.058,2.053,8.313,8.175,-8.653,-0.104,46.92,0.563,33.82,0.406,254.431,3.053,0.096,8.039,3443.882,0.818,1.849,1.625,1.396,2.753,5.453,3.71,8.167,0.494,2.847,-0.013,3.312,3.062,0.453,2.264,-0.201,2.334,2.725,2.968,0.004,0.041,0.047,0.002,681.18,692.75,1
India,1990,IND,870452160.0,1750992945152.0,0.026,577.996,37.345,6.907,751.895,40.486,5.691,0.864,0.429,0.327,0.664,0.33,0.251,366.514,0.421,575.434,0.661,0.329,320.033,11005.426,47082.707,8012.681,87.232,127.148,38771.742,2458.331,,2643.11,1.314,9.871,0.011,21.097,0.024,1.422,1.172,173.899,0.2,530.35,0.609,146.94,0.169,158.167,0.182,,,2300.701,4.527,2.54,2.693,4.212,2.613,1.362,3.272,1.832,1.067,0.161,6.101,0.914,,3.814,0.551,3.366,1.711,,4.028,0.021,0.015,0.039,0.003,1020.11,1237.96,1
India,1991,IND,888941760.0,1768493547520.0,0.028,615.365,37.369,6.465,750.938,-0.957,-0.127,0.845,0.425,0.309,0.692,0.348,0.253,393.043,0.442,596.786,0.671,0.337,344.536,11620.79,47833.648,8405.724,95.066,150.711,38907.309,2624.753,,2730.958,1.373,7.834,0.009,23.563,0.027,1.454,1.209,135.573,0.153,536.65,0.604,151.09,0.17,166.423,0.187,,,2427.663,4.828,2.649,2.665,4.563,2.701,1.398,3.261,1.884,1.125,0.181,6.075,0.942,,2.859,0.603,2.741,1.714,,4.041,0.022,0.015,0.04,0.003,1074.57,1292.41,1
India,1992,IND,907574080.0,1851711422464.0,0.028,655.447,40.082,6.514,822.253,71.315,9.497,0.906,0.444,0.322,0.722,0.354,0.257,411.414,0.453,646.561,0.712,0.349,369.693,12276.237,48655.902,8817.138,98.631,177.967,39074.121,2812.808,,2812.742,1.379,3.565,0.004,27.256,0.03,1.451,1.211,166.806,0.184,538.0,0.593,155.24,0.171,188.055,0.207,,,2552.772,4.759,2.904,2.959,4.892,2.783,1.438,3.255,1.94,1.135,0.205,6.051,0.977,,1.473,0.688,3.194,2.042,,4.058,0.022,0.015,0.041,0.004,1099.48,1317.32,1
India,1993,IND,926351296.0,1944353767424.0,0.029,677.299,21.852,3.334,807.224,-15.029,-1.828,0.871,0.415,0.309,0.731,0.348,0.259,433.121,0.468,651.937,0.704,0.335,396.295,12953.536,49463.125,9250.259,102.332,204.964,39204.039,2999.687,,2824.25,1.346,3.701,0.004,26.996,0.029,1.458,1.223,129.925,0.14,542.21,0.585,158.79,0.171,186.879,0.202,,,2616.248,4.826,2.971,2.89,5.089,2.865,1.478,3.248,1.998,1.146,0.225,6.024,1.01,,1.581,0.664,2.533,2.027,,4.075,0.023,0.016,0.042,0.004,1132.63,1350.48,1
India,1994,IND,945261952.0,2055026769920.0,0.03,714.064,36.764,5.428,832.41,25.186,3.12,0.881,0.405,0.302,0.755,0.347,0.259,455.72,0.482,683.396,0.723,0.333,424.835,13667.601,50295.535,9705.979,104.183,233.961,39322.391,3198.642,,2916.78,1.342,1.852,0.002,28.997,0.031,1.477,1.246,118.346,0.125,546.88,0.579,164.49,0.174,198.955,0.21,,,2757.121,4.85,3.1,2.889,5.324,2.946,1.519,3.242,2.058,1.127,0.246,5.989,1.044,,0.588,0.707,2.049,2.15,,4.091,0.023,0.016,0.043,0.004,1177.9,1395.75,1
India,1995,IND,964279104.0,2189535739904.0,0.032,760.462,46.398,6.498,844.724,12.314,1.479,0.876,0.386,0.285,0.789,0.347,0.257,471.723,0.489,719.189,0.746,0.328,455.939,14428.062,51140.258,10177.702,106.487,273.011,39406.648,3414.923,,3072.884,1.353,2.303,0.002,39.051,0.04,1.516,1.29,84.262,0.087,557.5,0.578,168.0,0.174,216.281,0.224,,,2963.118,4.998,3.233,2.896,5.359,3.031,1.563,3.235,2.119,1.113,0.275,5.95,1.082,,0.705,0.928,1.494,2.316,,4.107,0.023,0.016,0.043,0.004,1244.34,1462.17,1
India,1996,IND,983281216.0,2345228828672.0,0.035,823.621,63.159,8.305,986.403,141.679,16.772,1.003,0.421,0.32,0.838,0.351,0.267,504.498,0.513,768.326,0.781,0.328,490.018,15251.683,52126.664,10682.2,108.623,312.758,39569.434,3658.083,,3134.029,1.314,2.136,0.002,39.747,0.04,1.54,1.315,162.783,0.166,566.34,0.576,171.15,0.174,243.16,0.247,,,3081.631,5.366,3.396,3.261,5.59,3.125,1.61,3.236,2.183,1.095,0.301,5.921,1.124,,0.609,0.904,2.714,2.527,,4.125,0.024,0.017,0.044,0.004,1293.39,1514.07,1
India,1997,IND,1002335232.0,2426804895744.0,0.037,858.011,34.391,4.176,959.593,-26.81,-2.718,0.957,0.395,0.295,0.856,0.354,0.264,527.722,0.526,804.069,0.802,0.331,527.436,16109.694,53086.254,11209.922,111.268,358.782,39671.016,3902.286,,3244.433,1.34,2.645,0.003,46.024,0.046,1.571,1.35,101.582,0.101,575.36,0.574,176.29,0.176,244.202,0.244,,,3252.01,5.662,3.517,3.01,5.878,3.228,1.658,3.231,2.249,1.083,0.332,5.871,1.164,,0.75,1.043,1.358,2.5,,4.142,0.024,0.017,0.045,0.004,1353.6,1574.52,1
India,1998,IND,1021434560.0,2567853047808.0,0.038,875.772,17.761,2.07,970.564,10.97,1.143,0.95,0.378,0.281,0.857,0.341,0.254,524.125,0.513,819.701,0.802,0.319,566.463,16985.465,54056.816,11734.048,113.401,406.377,39765.809,4165.178,,3377.11,1.343,2.133,0.002,47.595,0.047,1.571,1.354,94.791,0.093,583.3,0.571,180.21,0.176,262.892,0.257,,,3449.497,5.928,3.599,3.183,6.0,3.332,1.705,3.231,2.314,1.069,0.361,5.832,1.207,,0.634,1.061,1.538,2.657,,4.161,0.025,0.018,0.046,0.004,1383.29,1604.19,1
India,1999,IND,1040500032.0,2710352953344.0,0.043,950.46,74.687,8.528,1035.574,65.01,6.698,0.995,0.382,0.292,0.913,0.351,0.268,560.528,0.539,906.62,0.871,0.335,611.055,17935.926,55092.391,12294.575,115.449,448.693,39850.922,4466.153,,3408.325,1.308,2.048,0.002,42.316,0.041,1.615,1.404,85.114,0.082,591.91,0.569,183.68,0.177,300.976,0.289,,,3546.363,6.458,3.827,3.358,6.325,3.454,1.757,3.233,2.383,1.056,0.383,5.793,1.258,,0.62,0.921,1.418,2.97,,4.183,0.025,0.018,0.047,0.004,1461.25,1680.58,1
India,2000,IND,1059633664.0,2804478640128.0,0.043,977.526,27.067,2.848,1168.695,133.121,12.855,1.103,0.417,0.314,0.923,0.349,0.262,572.876,0.541,908.172,0.857,0.324,657.012,18913.451,56261.086,12867.451,117.423,492.565,40042.09,4779.001,,3515.744,1.328,1.973,0.002,43.873,0.041,1.623,1.415,191.169,0.18,595.95,0.562,180.03,0.17,312.847,0.295,,,3725.401,6.37,3.833,3.785,6.222,3.569,1.808,3.243,2.45,1.041,0.404,5.776,1.308,,0.568,0.927,3.556,3.044,,4.204,0.026,0.018,0.048,0.004,1499.0,1719.66,1
India,2001,IND,1078970880.0,2940745547776.0,0.043,990.97,13.443,1.375,1132.352,-36.343,-3.11,1.049,0.385,0.303,0.918,0.337,0.265,582.083,0.539,914.32,0.847,0.311,703.752,19904.422,57393.438,13449.533,119.28,536.134,40183.473,5095.723,,3467.075,1.272,1.857,0.002,43.569,0.04,1.615,1.619,141.383,0.131,597.95,0.554,184.41,0.171,316.721,0.294,,,3740.874,6.199,3.86,3.687,6.286,3.672,1.857,3.25,2.517,1.026,0.423,5.754,1.356,,0.553,0.916,2.807,3.058,,4.222,0.026,0.019,0.049,0.004,1747.32,1742.35,1
India,2002,IND,1098313088.0,3024984473600.0,0.045,1021.664,30.695,3.097,1108.092,-24.26,-2.142,1.009,0.366,0.286,0.93,0.338,0.264,598.597,0.545,928.847,0.846,0.307,752.863,20926.088,58501.535,14048.131,120.882,583.268,40269.902,5420.942,,3524.322,1.28,1.602,0.001,47.134,0.043,1.604,1.609,86.428,0.079,591.45,0.539,178.22,0.162,325.22,0.296,,,3870.808,6.281,3.892,3.503,6.181,3.774,1.905,3.255,2.582,1.012,0.443,5.723,1.404,,0.493,0.961,1.605,3.146,,4.237,0.026,0.019,0.05,0.004,1766.72,1762.14,1
India,2003,IND,1117415168.0,3251114344448.0,0.046,1059.16,37.495,3.67,1172.229,64.137,5.788,1.049,0.361,0.292,0.948,0.326,0.264,625.89,0.56,981.855,0.879,0.302,803.743,21985.246,59673.758,14674.021,122.669,633.256,40382.973,5751.557,,3587.485,1.233,1.787,0.002,49.988,0.045,1.614,1.621,113.07,0.101,600.99,0.538,186.9,0.167,330.615,0.296,,,4008.71,5.916,3.831,3.501,5.948,3.863,1.953,3.259,2.646,0.998,0.463,5.692,1.45,,0.519,0.983,1.938,3.114,,4.249,0.027,0.02,0.051,0.004,1811.43,1803.99,1
India,2004,IND,1136264576.0,3495022821376.0,0.049,1125.096,65.937,6.225,1196.999,24.77,2.113,1.053,0.342,0.275,0.99,0.322,0.258,669.968,0.59,1036.052,0.912,0.296,859.288,23110.342,60870.758,15343.988,124.434,682.841,40454.871,6099.792,,3830.667,1.245,1.765,0.002,49.585,0.044,1.665,1.674,71.903,0.063,609.37,0.536,194.56,0.171,348.234,0.306,,,4352.651,6.181,3.931,3.519,6.16,3.959,2.002,3.264,2.713,0.985,0.481,5.659,1.496,,0.515,0.943,1.333,3.163,,4.261,0.027,0.02,0.052,0.004,1901.54,1892.15,1
India,2005,IND,1154638720.0,3752627535872.0,0.052,1185.674,60.578,5.384,1228.745,31.747,2.652,1.064,0.327,0.267,1.027,0.316,0.257,721.469,0.625,1096.386,0.95,0.292,918.974,24296.016,62099.504,16065.457,126.137,733.279,40497.941,6452.167,,3991.22,1.228,1.704,0.001,50.439,0.044,1.703,1.709,43.071,0.037,621.67,0.538,202.95,0.176,352.376,0.305,,,4608.417,6.192,4.007,3.563,6.244,4.054,2.052,3.269,2.784,0.972,0.498,5.626,1.54,,0.49,0.938,0.88,3.172,,4.275,0.028,0.021,0.053,0.005,1973.19,1966.22,1
India,2006,IND,1172373760.0,4069856116736.0,0.055,1292.485,106.81,9.008,1331.424,102.678,8.356,1.136,0.327,0.274,1.102,0.318,0.266,773.564,0.66,1178.884,1.006,0.29,983.88,25588.5,63430.93,16839.021,127.879,815.859,40536.883,6821.862,,4141.057,1.193,1.741,0.001,82.58,0.07,1.761,1.767,38.939,0.033,631.08,0.538,212.63,0.181,369.694,0.315,,,4854.867,6.174,4.223,3.715,6.341,4.148,2.107,3.278,2.858,0.959,0.533,5.591,1.586,,0.501,1.49,0.744,3.298,,4.29,0.028,0.022,0.054,0.005,2071.63,2064.47,1
India,2007,IND,1189691776.0,4403214942208.0,0.057,1392.506,100.021,7.739,1486.842,155.419,11.673,1.25,0.338,0.282,1.17,0.316,0.264,842.477,0.708,1296.357,1.09,0.294,1052.213,26981.008,64917.77,17681.498,129.721,903.815,40631.219,7213.759,,4428.845,1.197,1.842,0.002,87.956,0.074,1.857,1.865,94.336,0.079,645.31,0.542,223.31,0.188,391.897,0.329,,,5268.96,6.052,4.421,4.124,6.588,4.234,2.165,3.293,2.937,0.949,0.57,5.569,1.635,,0.537,1.535,2.071,3.484,,4.31,0.028,0.022,0.055,0.005,2218.68,2209.3,1
India,2008,IND,1206734848.0,4649547988992.0,0.061,1489.437,96.931,6.961,1637.771,150.929,10.151,1.357,0.352,0.294,1.234,0.32,0.267,910.795,0.755,1380.965,1.144,0.297,1125.458,28470.443,66555.547,18592.293,131.609,994.092,40779.555,7626.992,,4621.171,1.199,1.888,0.002,90.277,0.075,1.915,1.921,148.334,0.123,652.89,0.541,226.8,0.188,413.233,0.342,,,5576.529,6.406,4.648,4.453,6.898,4.33,2.227,3.314,3.022,0.94,0.604,5.553,1.685,,0.564,1.532,3.129,3.688,,4.331,0.029,0.023,0.057,0.005,2318.0,2310.91,1
India,2009,IND,1223640192.0,4993478819840.0,0.066,1612.216,122.779,8.243,1695.097,57.325,3.5,1.385,0.339,0.283,1.318,0.323,0.269,983.947,0.804,1525.243,1.246,0.305,1206.726,30082.66,68250.641,19576.24,133.488,1106.555,40862.434,8059.651,,4896.744,1.2,1.879,0.002,112.463,0.092,2.008,2.02,82.88,0.068,656.67,0.537,235.6,0.193,432.66,0.354,,,5991.853,6.914,5.119,4.615,7.55,4.442,2.297,3.338,3.116,0.931,0.65,5.525,1.739,,0.569,1.956,1.583,3.947,,4.355,0.029,0.024,0.058,0.005,2471.7,2457.28,2
India,2010,IND,1240613632.0,5361371185152.0,0.069,1677.337,65.121,4.039,1795.778,100.682,5.94,1.447,0.335,0.287,1.352,0.313,0.268,1015.983,0.819,1577.666,1.272,0.294,1292.755,31759.996,70046.414,20592.225,135.192,1240.676,40980.875,8499.151,,5038.898,1.166,1.704,0.001,134.121,0.108,2.071,2.081,118.441,0.095,663.02,0.534,243.09,0.196,439.5,0.354,,,6251.326,6.856,5.036,4.666,7.288,4.548,2.365,3.362,3.206,0.921,0.703,5.503,1.79,,0.499,2.166,2.288,3.879,,4.382,0.029,0.025,0.059,0.005,2581.25,2569.05,2
India,2011,IND,1257621248.0,5720693014528.0,0.073,1764.712,87.375,5.209,1862.452,66.674,3.713,1.481,0.326,0.283,1.403,0.308,0.268,1074.385,0.854,1631.101,1.297,0.285,1384.069,33524.711,71908.867,21666.609,137.84,1376.936,41078.617,8959.256,,5241.937,1.152,2.648,0.002,136.26,0.108,2.132,2.083,97.74,0.078,668.18,0.531,248.68,0.198,460.104,0.366,,,6592.371,6.768,5.125,4.697,7.293,4.649,2.434,3.387,3.298,0.917,0.753,5.477,1.843,,0.737,2.138,1.873,4.054,,4.408,0.03,0.025,0.06,0.005,2619.73,2681.72,2
India,2012,IND,1274487168.0,6052427857920.0,0.079,1925.7,160.987,9.123,2086.577,224.125,12.034,1.637,0.345,0.3,1.511,0.318,0.277,1206.452,0.947,1789.875,1.404,0.296,1484.307,35450.41,73995.445,22873.061,141.432,1502.541,41239.492,9449.069,,5452.142,1.148,3.592,0.003,125.605,0.099,2.223,2.178,160.877,0.126,670.17,0.526,249.89,0.196,489.814,0.384,,,6948.685,7.242,5.512,5.18,8.099,4.764,2.51,3.421,3.404,0.918,0.793,5.46,1.899,,0.952,1.932,3.01,4.26,,4.436,0.03,0.026,0.062,0.005,2776.41,2832.7,2
India,2013,IND,1291132032.0,6424470487040.0,0.084,1995.098,69.398,3.604,2212.392,125.815,6.03,1.714,0.344,0.308,1.545,0.311,0.278,1276.383,0.989,1781.389,1.38,0.277,1592.126,37445.508,76207.844,24149.445,144.698,1613.23,41456.789,9946.01,,5560.02,1.117,3.266,0.003,110.689,0.086,2.247,2.2,217.294,0.168,672.31,0.521,248.01,0.192,496.94,0.385,,,7178.72,7.472,5.663,5.518,8.515,4.884,2.587,3.459,3.516,0.916,0.823,5.454,1.953,,0.847,1.693,4.472,4.29,,4.463,0.031,0.027,0.063,0.005,2840.44,2900.89,2
India,2014,IND,1307246464.0,6875186200576.0,0.089,2148.344,153.246,7.681,2247.754,35.363,1.598,1.719,0.327,0.293,1.643,0.312,0.28,1407.057,1.076,1959.819,1.499,0.285,1707.951,39593.852,78455.594,25556.5,148.227,1722.698,41556.199,10458.475,,5862.708,1.115,3.529,0.003,109.467,0.084,2.359,2.312,99.411,0.076,676.35,0.517,250.28,0.191,512.465,0.392,,,7664.003,7.724,6.057,5.525,9.377,5.009,2.67,3.496,3.641,0.916,0.85,5.429,2.008,,0.912,1.647,1.907,4.41,,4.492,0.031,0.028,0.065,0.006,3022.2,3083.57,2
India,2015,IND,1322866560.0,7391521275904.0,0.089,2234.219,85.876,3.997,2386.868,139.113,6.189,1.804,0.323,0.301,1.689,0.302,0.282,1449.587,1.096,2095.201,1.584,0.283,1825.459,41828.074,80842.469,27006.088,152.365,1829.568,41708.844,11014.592,,5994.315,1.073,4.137,0.003,106.871,0.081,2.346,2.299,152.648,0.115,680.55,0.514,253.66,0.192,556.117,0.42,,,7929.679,8.135,6.3,5.808,9.887,5.136,2.754,3.538,3.769,0.919,0.874,5.41,2.068,,1.077,1.575,2.711,4.679,,4.522,0.032,0.029,0.066,0.006,3041.47,3104.05,2
India,2016,IND,1338636288.0,8057466126336.0,0.092,2354.658,120.439,5.391,2519.178,132.31,5.543,1.882,0.313,0.304,1.759,0.292,0.284,1499.401,1.12,2179.22,1.628,0.27,1948.741,44182.73,83361.633,28505.49,156.121,1943.191,41873.363,11629.188,,6189.113,1.028,3.756,0.003,113.622,0.085,2.351,2.328,164.52,0.123,686.7,0.513,253.42,0.189,614.597,0.459,,,8284.972,8.314,6.64,6.289,10.467,5.263,2.843,3.585,3.9,0.921,0.898,5.399,2.135,,1.004,1.63,3.577,5.119,,4.557,0.032,0.03,0.068,0.006,3116.76,3147.64,2
India,2017,IND,1354195712.0,8550029459456.0,0.089,2426.607,71.949,3.056,2547.878,28.7,1.139,1.881,0.298,0.296,1.792,0.284,0.282,1551.256,1.146,2273.49,1.679,0.266,2069.788,46609.336,85909.523,30056.744,158.944,2062.113,41994.637,12261.747,,6351.181,1.006,2.823,0.002,118.922,0.088,2.414,2.394,121.271,0.09,690.35,0.51,259.3,0.191,632.558,0.467,,,8600.742,8.046,6.736,6.277,10.706,5.372,2.931,3.631,4.033,0.917,0.923,5.383,2.202,,0.729,1.67,2.657,5.177,,4.591,0.032,0.031,0.069,0.006,3241.44,3269.58,2
India,2018,IND,1369003264.0,9173200797696.0,0.102,2593.058,166.451,6.859,2718.08,170.203,6.68,1.985,0.296,0.299,1.894,0.283,0.285,1668.318,1.219,2425.254,1.772,0.264,2208.753,49202.395,88627.594,31725.062,161.434,2188.314,42119.66,12918.831,,6638.485,0.991,2.49,0.002,126.201,0.092,2.51,2.488,125.022,0.091,698.39,0.51,265.4,0.194,657.084,0.48,,,9088.107,8.875,7.053,6.621,11.33,5.509,3.024,3.682,4.174,0.91,0.948,5.369,2.269,,0.611,1.683,2.918,5.356,,4.629,0.033,0.033,0.071,0.006,3406.53,3436.07,2
India,2019,IND,1383112064.0,9595463401472.0,0.104,2612.888,19.83,0.765,2708.915,-9.166,-0.337,1.959,0.282,0.291,1.889,0.272,0.28,1661.94,1.202,2447.512,1.77,0.255,2352.417,51815.281,91336.516,33387.0,163.888,2316.99,42215.688,13594.984,,6736.512,0.971,2.454,0.002,128.676,0.093,2.467,2.444,96.027,0.069,698.12,0.505,272.13,0.197,676.154,0.489,,,9317.351,8.891,7.054,6.506,11.318,5.64,3.114,3.73,4.309,0.902,0.971,5.35,2.337,,0.564,1.688,2.089,5.463,,4.664,0.033,0.034,0.073,0.006,3380.31,3412.42,2
India,2020,IND,1396387072.0,8945313775616.0,0.088,2421.552,-191.336,-7.323,2494.395,-214.52,-7.919,1.786,0.279,0.283,1.734,0.271,0.274,1561.799,1.118,2247.732,1.61,0.251,2475.325,54236.836,93830.906,34948.801,166.694,2444.984,42288.523,14201.029,,6322.297,0.987,2.806,0.002,127.994,0.092,2.292,2.268,72.843,0.052,698.5,0.5,279.92,0.2,606.045,0.434,,,8828.374,7.526,6.917,6.347,10.979,5.711,3.192,3.772,4.43,0.897,0.993,5.33,2.397,,0.704,1.694,1.696,5.56,,4.697,0.033,0.035,0.074,0.006,3166.95,3200.82,2
United States,1990,USA,248083728.0,9250377039872.0,0.135,5120.957,-11.249,-0.219,5410.202,5.273,0.098,21.808,0.585,0.239,20.642,0.554,0.226,1814.521,7.314,5048.03,20.348,0.546,1585.103,249214.438,374789.969,119475.57,873.047,38160.391,125745.711,88556.281,564.04,91135.344,2.444,46.339,0.187,1023.151,4.124,23.603,21.963,289.245,1.166,673.88,2.716,239.74,0.966,2178.912,8.783,0.099,24.55,22609.195,6.783,22.507,19.378,20.852,12.943,30.848,26.048,27.311,10.679,48.221,19.786,32.921,30.486,17.905,26.712,5.598,23.568,11.008,20.815,0.037,0.158,0.202,0.007,5448.74,5855.54,0
United States,1991,USA,251560192.0,9224687976448.0,0.13,5062.957,-58.0,-1.133,5299.991,-110.212,-2.037,21.068,0.575,0.235,20.126,0.549,0.224,1797.739,7.146,4961.271,19.722,0.538,1617.84,254277.391,380089.969,121273.312,918.396,39203.391,125982.742,90676.109,588.347,89758.711,2.448,45.348,0.18,1042.997,4.146,23.097,21.48,237.034,0.942,675.93,2.687,238.78,0.949,2119.828,8.427,0.097,24.308,22579.719,6.451,21.795,18.81,20.869,12.685,30.595,25.909,27.186,10.869,47.207,19.67,32.535,28.481,16.55,26.68,4.792,21.835,11.275,20.695,0.037,0.16,0.205,0.007,5403.58,5810.38,0
United States,1992,USA,255175328.0,9552658432000.0,0.129,5174.228,111.271,2.198,5353.906,53.915,1.017,20.981,0.56,0.234,20.277,0.542,0.226,1819.076,7.129,5148.226,20.175,0.539,1650.833,259451.609,385443.844,123092.383,963.411,40284.984,126162.422,92847.5,612.506,89793.594,2.399,45.015,0.176,1081.595,4.239,23.1,21.506,179.678,0.704,679.03,2.661,243.25,0.953,2171.389,8.509,0.095,24.159,22913.109,6.242,22.928,19.265,21.631,12.429,30.393,25.786,27.084,11.084,46.301,19.539,32.248,26.841,18.603,27.315,3.44,23.573,11.176,20.591,0.037,0.163,0.207,0.007,5487.86,5894.66,0
United States,1993,USA,258779760.0,9814940844032.0,0.135,5272.851,98.623,1.906,5437.705,83.799,1.565,21.013,0.554,0.232,20.376,0.537,0.225,1880.75,7.268,5207.483,20.123,0.531,1685.671,264724.469,390881.562,124973.141,1007.424,41395.141,126327.273,95027.07,636.029,90410.414,2.384,44.013,0.17,1110.157,4.29,23.209,21.636,164.854,0.637,671.94,2.597,246.39,0.952,2179.57,8.422,0.091,23.523,23396.385,6.319,23.128,19.471,22.097,12.185,30.204,25.67,26.992,11.287,45.453,19.41,31.982,25.461,18.801,27.296,3.214,23.644,10.883,20.499,0.037,0.165,0.21,0.007,5599.07,6006.01,0
United States,1994,USA,262273584.0,10211205054464.0,0.138,5364.279,91.429,1.734,5580.025,142.321,2.617,21.276,0.546,0.234,20.453,0.525,0.225,1894.587,7.224,5312.556,20.256,0.52,1721.981,270088.75,396461.594,126867.719,1051.833,42532.605,126543.023,97253.906,660.697,90836.938,2.333,44.409,0.169,1137.466,4.337,23.26,21.708,215.746,0.823,684.61,2.61,253.52,0.967,2226.839,8.491,0.094,24.668,23824.129,6.171,23.288,19.368,22.135,11.94,30.027,25.553,26.904,11.383,44.689,19.272,31.742,24.34,14.106,27.73,3.735,24.063,11.4,20.407,0.038,0.167,0.212,0.007,5693.42,6100.51,0
United States,1995,USA,265660560.0,10488856444928.0,0.14,5425.259,60.98,1.137,5524.228,-55.798,-1.0,20.794,0.527,0.227,20.422,0.517,0.223,1913.488,7.203,5372.45,20.223,0.512,1759.057,275514.0,401985.844,128781.203,1094.589,43718.887,126641.992,99471.961,688.309,91633.539,2.321,42.757,0.161,1186.277,4.465,23.22,21.689,98.968,0.373,682.64,2.57,255.78,0.963,2218.052,8.349,0.104,27.612,24343.418,5.958,23.062,18.942,21.736,11.692,29.849,25.431,26.809,11.441,43.989,19.123,31.506,23.428,13.096,28.177,1.755,23.751,12.351,20.313,0.038,0.17,0.215,0.007,5761.9,6168.77,0
United States,1996,USA,268984352.0,10886951469056.0,0.139,5612.983,187.723,3.46,5693.196,168.969,3.059,21.166,0.523,0.226,20.867,0.516,0.223,1993.662,7.412,5540.393,20.597,0.509,1796.365,281127.0,407679.0,130774.867,1135.889,44925.102,126722.203,101777.531,717.232,93557.016,2.312,41.299,0.154,1206.218,4.484,23.566,22.058,80.214,0.298,681.39,2.533,262.89,0.977,2305.573,8.571,0.108,28.923,25165.373,5.874,23.146,18.822,22.092,11.457,29.677,25.307,26.722,11.453,43.288,18.963,31.283,22.697,11.781,27.435,1.337,23.963,13.027,20.22,0.038,0.172,0.217,0.008,5933.25,6338.95,0
United States,1997,USA,272395424.0,11375561670656.0,0.142,5688.142,75.16,1.339,5791.189,97.993,1.721,21.26,0.509,0.228,20.882,0.5,0.224,2039.02,7.486,5646.006,20.727,0.496,1834.926,286815.125,413470.188,132813.891,1177.307,46138.977,126825.25,104103.852,746.178,93078.266,2.229,41.419,0.152,1213.878,4.456,24.232,22.737,103.047,0.378,671.83,2.466,256.15,0.94,2326.319,8.54,0.106,28.946,25354.094,5.835,23.316,18.167,22.712,11.229,29.518,25.168,26.65,11.463,42.644,18.769,31.065,22.052,11.735,27.504,1.377,23.818,12.938,20.125,0.038,0.175,0.22,0.008,6193.38,6600.8,0
United States,1998,USA,275835008.0,11881793191936.0,0.143,5733.281,45.138,0.794,5846.14,54.95,0.949,21.194,0.492,0.229,20.785,0.483,0.225,2063.092,7.479,5811.634,21.069,0.489,1874.387,292548.406,419316.344,134876.984,1216.329,47329.984,126938.109,106474.602,776.127,92495.008,2.147,39.022,0.141,1191.005,4.318,24.098,22.626,112.859,0.409,660.22,2.394,253.39,0.919,2370.752,8.595,0.109,29.949,25513.361,5.994,23.564,19.17,23.616,11.027,29.372,25.059,26.598,11.467,42.004,18.615,30.862,21.533,11.59,26.552,1.831,23.962,13.579,20.05,0.038,0.177,0.223,0.008,6241.11,6646.95,0
United States,1999,USA,279181568.0,12438444441600.0,0.144,5803.918,70.637,1.232,5955.642,109.502,1.873,21.333,0.479,0.229,20.789,0.467,0.224,2063.44,7.391,5990.146,21.456,0.482,1914.626,298352.344,425271.969,136940.422,1255.129,48527.973,127089.836,108907.93,806.249,93004.266,2.087,38.8,0.139,1197.99,4.291,23.812,22.36,151.724,0.543,648.0,2.321,251.84,0.902,2433.326,8.716,0.108,30.122,25965.076,5.827,23.371,19.313,23.282,10.824,29.226,24.955,26.541,11.476,41.379,18.475,30.666,21.086,11.753,26.07,2.527,24.008,13.739,19.977,0.038,0.18,0.225,0.008,6242.51,6647.8,0
United States,2000,USA,282398560.0,12947416940544.0,0.147,6010.136,206.218,3.553,6147.761,192.119,3.226,21.77,0.475,0.232,21.282,0.464,0.226,2163.759,7.662,6253.939,22.146,0.483,1956.071,304362.469,431419.75,139104.172,1294.044,49779.238,127227.461,111395.727,833.206,94002.734,2.05,38.915,0.138,1251.263,4.431,24.117,22.683,137.626,0.487,644.08,2.281,250.7,0.888,2487.797,8.81,0.095,26.957,26546.236,5.745,23.568,19.911,23.501,10.625,29.088,24.865,26.487,11.467,40.8,18.352,30.484,20.624,11.207,26.448,2.56,24.205,12.462,19.904,0.037,0.183,0.228,0.008,6405.57,6810.66,0
United States,2001,USA,285470496.0,13073809145856.0,0.146,5907.74,-102.396,-1.704,5950.588,-197.173,-3.207,20.845,0.455,0.23,20.695,0.452,0.228,2099.619,7.355,6176.889,21.638,0.472,1997.684,310270.188,437370.312,141203.797,1332.74,50978.059,127270.305,113898.117,859.806,90791.711,1.982,38.696,0.136,1198.819,4.199,23.678,22.308,42.849,0.15,636.64,2.23,244.76,0.857,2502.393,8.766,0.093,26.599,25918.355,5.519,23.01,19.376,22.676,10.424,28.943,24.77,26.421,11.469,40.215,18.225,30.31,20.215,11.522,25.205,0.851,24.163,12.468,19.819,0.037,0.185,0.231,0.008,6368.37,6759.41,0
United States,2002,USA,288350240.0,13307342749696.0,0.15,5946.308,38.568,0.653,5951.311,0.722,0.012,20.639,0.447,0.226,20.622,0.447,0.226,2103.791,7.296,6293.475,21.826,0.473,2040.848,316216.5,443321.656,143307.594,1371.632,52216.004,127275.312,116393.711,886.72,91199.055,1.976,38.893,0.135,1237.949,4.293,22.909,21.556,5.003,0.017,630.0,2.185,246.4,0.855,2495.597,8.655,0.093,26.914,26297.27,5.52,22.654,18.813,21.724,10.232,28.793,24.665,26.338,11.483,39.657,18.087,30.145,19.839,11.977,25.241,0.093,24.143,12.443,19.731,0.037,0.188,0.233,0.008,6215.68,6605.76,0
United States,2003,USA,291109824.0,13680911581184.0,0.149,6010.146,63.837,1.074,6074.277,122.967,2.066,20.866,0.444,0.23,20.646,0.439,0.228,2143.993,7.365,6488.713,22.29,0.474,2084.197,322226.656,449395.906,145451.578,1410.199,53417.031,127339.445,118951.18,912.466,90629.312,1.928,38.567,0.132,1201.023,4.126,22.913,21.572,64.132,0.22,630.12,2.165,255.03,0.876,2557.467,8.785,0.088,25.747,26383.084,5.041,21.738,18.142,20.375,10.017,28.619,24.546,26.225,11.475,39.062,17.947,29.983,19.453,11.192,23.629,1.099,24.087,11.648,19.635,0.037,0.19,0.236,0.008,6279.82,6670.16,0
United States,2004,USA,293947872.0,14198910222336.0,0.156,6112.655,102.51,1.706,6093.979,19.701,0.324,20.731,0.429,0.227,20.795,0.431,0.227,2164.773,7.364,6617.633,22.513,0.466,2130.083,328339.312,455489.906,147616.359,1449.319,54621.523,127320.766,121582.008,940.021,91509.82,1.894,39.12,0.133,1204.496,4.098,22.973,21.645,-18.676,-0.064,628.78,2.139,253.0,0.861,2630.825,8.95,0.094,27.555,26899.117,5.106,21.358,17.916,19.903,9.814,28.439,24.425,26.103,11.473,38.463,17.809,29.818,19.098,11.417,22.898,-0.346,23.894,11.898,19.535,0.037,0.193,0.239,0.009,6362.59,6752.99,0
United States,2005,USA,296842656.0,14673826021376.0,0.156,6132.183,19.528,0.319,6176.527,82.549,1.355,20.807,0.421,0.23,20.658,0.418,0.228,2188.244,7.372,6724.064,22.652,0.458,2176.277,334471.5,461666.406,149804.594,1488.749,55808.387,127365.109,124224.703,968.786,90662.727,1.834,39.43,0.133,1186.858,3.998,22.816,21.5,44.344,0.149,629.14,2.119,255.72,0.861,2642.692,8.903,0.097,28.765,26912.564,4.792,20.722,17.911,18.94,9.6,28.246,24.306,25.96,11.469,37.865,17.694,29.658,18.759,11.331,22.081,0.906,23.788,11.873,19.436,0.037,0.196,0.241,0.009,6382.16,6772.89,0
United States,2006,USA,299753088.0,15065164021760.0,0.156,6052.686,-79.497,-1.296,6014.732,-161.795,-2.62,20.066,0.399,0.225,20.192,0.402,0.227,2152.459,7.181,6707.72,22.377,0.445,2223.128,340524.156,467681.156,151957.062,1528.786,56981.594,127327.156,126834.406,999.206,89073.188,1.772,40.037,0.134,1173.211,3.914,22.298,20.995,-37.954,-0.127,630.36,2.103,263.82,0.88,2609.708,8.706,0.101,30.42,26699.963,4.456,19.776,16.782,17.644,9.372,28.033,24.167,25.787,11.47,37.26,17.561,29.492,18.444,11.52,21.163,-0.725,23.278,12.026,19.327,0.037,0.199,0.244,0.009,6293.17,6683.78,0
United States,2007,USA,302743392.0,15333184241664.0,0.15,6130.123,77.437,1.279,6076.254,61.522,1.023,20.071,0.396,0.224,20.249,0.4,0.226,2175.189,7.185,6639.217,21.93,0.433,2268.637,346654.312,473757.406,154132.25,1569.249,58228.984,127273.289,129426.617,1028.561,89404.797,1.765,40.463,0.134,1247.391,4.12,22.421,21.132,-53.868,-0.178,636.64,2.103,268.0,0.885,2592.216,8.562,0.097,29.355,27066.711,4.03,19.461,16.852,17.009,9.13,27.816,24.033,25.601,11.478,36.701,17.444,29.328,18.118,11.786,21.769,-1.182,23.044,11.307,19.225,0.037,0.201,0.247,0.009,6397.65,6787.86,0
United States,2008,USA,305694912.0,15288553701376.0,0.135,5915.119,-215.004,-3.507,5912.461,-163.793,-2.696,19.341,0.387,0.224,19.35,0.387,0.224,2135.724,6.986,6315.351,20.659,0.413,2310.052,352569.438,479669.875,156267.969,1611.304,59481.77,127270.633,131841.328,1056.997,86384.328,1.727,42.054,0.138,1252.781,4.098,21.594,20.319,-2.658,-0.009,645.0,2.11,250.3,0.819,2414.708,7.899,0.093,28.436,26407.25,3.622,18.461,16.074,16.175,8.887,27.582,23.887,25.399,11.504,36.147,17.331,29.135,17.804,12.563,21.254,-0.056,21.549,10.939,19.116,0.037,0.204,0.249,0.009,6211.3,6601.05,0
United States,2009,USA,308512032.0,14864003104768.0,0.096,5480.726,-434.393,-7.344,5430.801,-481.659,-8.147,17.603,0.365,0.216,17.765,0.369,0.218,1872.449,6.069,5779.449,18.733,0.389,2339.667,358050.125,485100.688,158140.422,1652.385,60713.375,127220.711,134121.672,1082.626,81392.367,1.689,41.082,0.133,1231.607,3.992,20.045,18.778,-49.924,-0.162,635.32,2.059,249.19,0.808,2280.345,7.391,0.083,25.629,25110.525,2.519,17.403,14.786,14.367,8.612,27.337,23.724,25.17,11.526,35.65,17.202,28.938,17.515,12.433,21.425,-0.953,20.803,10.502,18.995,0.037,0.206,0.252,0.009,5793.39,6184.15,0
United States,2010,USA,311182848.0,15239587299328.0,0.101,5679.715,198.99,3.631,5687.592,256.791,4.728,18.277,0.373,0.219,18.252,0.373,0.219,1982.954,6.372,5965.814,19.171,0.391,2371.116,363729.875,490788.25,160123.375,1695.793,62003.867,127228.586,136422.25,1113.462,83402.883,1.703,43.407,0.139,1290.495,4.147,20.741,19.485,7.877,0.025,653.3,2.099,256.66,0.825,2300.574,7.393,0.099,30.836,25953.547,2.506,17.053,14.779,14.224,8.342,27.082,23.559,24.932,11.553,35.13,17.083,28.732,17.324,12.713,20.838,0.152,20.305,12.527,18.869,0.036,0.209,0.254,0.009,6063.3,6454.24,0
United States,2011,USA,313876608.0,15477885632512.0,0.103,5546.116,-133.599,-2.352,5466.796,-220.796,-3.882,17.417,0.353,0.212,17.67,0.358,0.216,1873.284,5.968,5818.908,18.539,0.376,2403.325,369276.0,496255.062,161996.672,1743.656,63314.574,127149.266,138674.672,1143.102,81971.984,1.662,47.863,0.152,1310.707,4.176,19.928,18.63,-79.32,-0.253,659.04,2.1,264.28,0.842,2252.414,7.176,0.094,29.64,25729.088,2.387,16.105,13.786,12.716,8.072,26.808,23.376,24.658,11.595,34.623,16.954,28.525,17.055,13.314,20.567,-1.52,19.848,10.775,18.728,0.036,0.211,0.257,0.009,5847.39,6254.96,0
United States,2012,USA,316651328.0,15830887694336.0,0.111,5344.086,-202.03,-3.643,5371.383,-95.414,-1.745,16.963,0.339,0.214,16.877,0.338,0.213,1658.491,5.238,5652.215,17.85,0.357,2438.595,374620.062,501626.438,163655.156,1795.171,64686.648,127176.562,140870.688,1173.813,79100.781,1.582,51.515,0.163,1372.072,4.333,19.064,17.776,27.297,0.086,671.09,2.119,256.03,0.809,2196.025,6.935,0.097,30.712,25047.367,2.548,15.297,13.335,11.133,7.827,26.523,23.189,24.358,11.646,34.159,16.837,28.307,16.819,13.653,21.101,0.511,19.099,11.099,18.575,0.036,0.214,0.259,0.009,5628.8,6036.58,0
United States,2013,USA,319375168.0,16122472562688.0,0.114,5480.157,136.071,2.546,5462.715,91.333,1.7,17.104,0.339,0.212,17.159,0.34,0.213,1720.408,5.387,5738.613,17.968,0.356,2474.964,380100.219,507089.156,165375.562,1852.594,66097.125,127159.125,143095.312,1204.661,80559.258,1.596,57.423,0.18,1410.482,4.416,19.342,18.065,-17.441,-0.055,674.34,2.111,258.22,0.809,2224.627,6.966,0.097,30.847,25728.627,2.521,15.554,13.626,11.478,7.592,26.256,23.015,24.077,11.725,33.739,16.727,28.1,16.562,14.895,21.579,-0.359,19.204,10.473,18.434,0.036,0.216,0.261,0.01,5769.63,6177.42,0
United States,2014,USA,322033952.0,16491318607872.0,0.122,5528.681,48.524,0.885,5575.057,112.342,2.057,17.312,0.338,0.214,17.168,0.335,0.213,1710.594,5.312,5836.821,18.125,0.354,2514.403,385628.906,512664.219,167086.156,1915.718,67532.336,127205.5,145343.25,1237.045,80724.133,1.576,63.124,0.196,1435.209,4.457,19.328,18.062,46.376,0.144,699.9,2.173,259.33,0.805,2247.931,6.98,0.101,32.385,25995.912,2.63,15.589,13.705,11.399,7.374,26.001,22.846,23.806,11.835,33.34,16.62,27.904,16.322,16.31,21.593,0.889,19.343,10.604,18.295,0.036,0.218,0.264,0.01,5816.48,6224.27,0
United States,2015,USA,324607776.0,16937634496512.0,0.123,5376.473,-152.208,-2.753,5402.494,-172.563,-3.095,16.643,0.319,0.21,16.563,0.317,0.209,1479.145,4.557,5790.281,17.838,0.342,2554.31,391005.375,518066.688,168565.297,1980.09,69008.477,127231.516,147628.922,1268.282,79318.57,1.52,64.372,0.198,1476.136,4.547,18.829,17.575,26.021,0.08,702.68,2.165,259.86,0.801,2285.676,7.041,0.096,31.237,25747.426,2.763,15.161,13.147,10.088,7.186,25.748,22.672,23.526,11.949,32.965,16.502,27.711,16.09,16.752,21.761,0.462,19.231,10.287,18.156,0.036,0.221,0.266,0.01,5705.12,6112.06,0
United States,2016,USA,327210208.0,17220065296384.0,0.121,5252.932,-123.541,-2.298,5320.76,-81.734,-1.513,16.261,0.309,0.207,16.054,0.305,0.204,1347.943,4.12,5660.727,17.3,0.329,2593.75,396258.312,523387.469,169913.234,2035.228,70490.352,127299.344,149928.891,1296.859,78625.453,1.494,55.139,0.169,1481.873,4.529,18.347,17.674,67.828,0.207,683.93,2.09,265.33,0.811,2299.961,7.029,0.087,28.577,25727.051,2.66,14.814,13.282,9.409,7.005,25.498,22.51,23.249,12.01,32.588,16.412,27.522,15.848,14.733,21.261,1.475,19.155,9.51,18.023,0.036,0.223,0.268,0.01,5783.0,6003.24,0
United States,2017,USA,329791232.0,17606123716608.0,0.122,5212.162,-40.77,-0.776,5357.28,36.519,0.686,16.244,0.304,0.207,15.804,0.296,0.202,1308.716,3.968,5631.146,17.075,0.32,2634.073,401470.469,528744.75,171221.953,2094.715,71951.008,127444.469,152244.062,1324.662,78303.609,1.467,59.486,0.18,1460.656,4.429,18.035,17.371,145.118,0.44,701.26,2.126,264.58,0.802,2315.177,7.02,0.084,27.804,25823.844,2.68,14.468,13.198,9.032,6.836,25.248,22.35,22.972,12.085,32.203,16.335,27.334,15.61,15.352,20.511,3.179,18.946,9.182,17.89,0.035,0.225,0.271,0.01,5728.79,5947.84,0
United States,2018,USA,332140032.0,18124692783104.0,0.117,5377.797,165.635,3.178,5486.095,128.815,2.404,16.517,0.303,0.205,16.191,0.297,0.201,1256.631,3.783,5798.152,17.457,0.32,2673.044,406848.281,534230.875,172478.594,2166.781,73570.281,127552.766,154610.234,1349.349,80595.484,1.477,72.066,0.217,1619.275,4.875,18.53,17.871,108.298,0.326,744.96,2.243,267.19,0.804,2366.168,7.124,0.074,24.686,26768.986,2.489,14.627,13.364,8.534,6.667,25.008,22.197,22.693,12.214,31.859,16.26,27.161,15.353,17.694,21.596,2.527,19.288,8.143,17.764,0.035,0.228,0.273,0.01,5935.52,6154.65,0
United States,2019,USA,334319680.0,18540551733248.0,0.122,5262.145,-115.652,-2.151,5374.306,-111.789,-2.038,16.075,0.29,0.202,15.74,0.284,0.198,1071.666,3.206,5685.684,17.007,0.307,2713.94,412110.406,539605.125,173550.25,2255.218,75245.75,127664.922,156971.219,1374.025,79500.234,1.434,88.437,0.265,1675.471,5.012,18.066,17.407,112.161,0.335,785.07,2.348,264.12,0.79,2360.999,7.062,0.074,24.677,26578.494,2.531,14.207,12.907,7.298,6.506,24.768,22.039,22.401,12.408,31.543,16.179,26.989,15.109,20.31,21.984,2.44,19.074,8.085,17.639,0.035,0.23,0.276,0.01,5819.48,6039.74,0
United States,2020,USA,335942016.0,18027359764480.0,0.121,4714.628,-547.517,-10.405,4829.357,-544.948,-10.14,14.376,0.268,0.196,14.034,0.262,0.191,877.92,2.613,5186.558,15.439,0.288,2754.627,416825.062,544434.5,174428.172,2322.967,76902.008,127779.648,159018.781,1398.497,73294.336,1.366,67.749,0.202,1656.255,4.93,16.387,15.744,114.729,0.342,750.83,2.235,260.82,0.776,2047.544,6.095,0.073,24.472,24622.646,2.492,13.467,12.288,6.171,6.355,24.535,21.885,22.108,12.506,31.248,16.106,26.838,14.895,17.0,21.922,2.671,18.785,8.294,17.514,0.035,0.232,0.278,0.01,5289.13,5505.18,0
